epsilon,predicted,loss
0.294,0.29,0.0040000000000000036
0.353,0.348,0.0050000000000000044
0.978,0.981,0.0030000000000000027
0.837,0.843,0.006000000000000005
0.913,0.911,0.0020000000000000018
0.182,0.183,0.0010000000000000009
0.552,0.555,0.0030000000000000027
0.468,0.461,0.007000000000000006
0.764,0.771,0.007000000000000006
0.212,0.213,0.0010000000000000009
0.131,0.131,0.0
0.282,0.283,0.0010000000000000009
0.088,0.086,0.0020000000000000018
0.013,0.014,0.0010000000000000009
0.123,0.12,0.0030000000000000027
0.268,0.264,0.0040000000000000036
0.378,0.372,0.006000000000000005
0.431,0.427,0.0040000000000000036
0.799,0.804,0.0050000000000000044
0.076,0.076,0.0
0.171,0.171,0.0
0.563,0.571,0.008000000000000007
0.497,0.501,0.0040000000000000036
0.751,0.76,0.009000000000000008
0.638,0.649,0.01100000000000001
0.472,0.474,0.0020000000000000018
0.308,0.309,0.0010000000000000009
0.743,0.747,0.0040000000000000036
0.814,0.82,0.006000000000000005
0.871,0.874,0.0030000000000000027
0.953,0.959,0.006000000000000005
0.216,0.213,0.0030000000000000027
0.287,0.282,0.0050000000000000044
0.261,0.257,0.0040000000000000036
0.333,0.326,0.007000000000000006
0.6,0.6,0.0
0.654,0.65,0.0040000000000000036
0.111,0.115,0.0040000000000000036
0.336,0.333,0.0030000000000000027
0.941,0.943,0.0020000000000000018
0.939,0.935,0.0039999999999998925
0.507,0.508,0.0010000000000000009
0.921,0.924,0.0030000000000000027
0.486,0.486,0.0
0.727,0.734,0.007000000000000006
0.545,0.553,0.008000000000000007
0.016,0.014,0.002
0.289,0.284,0.0050000000000000044
0.136,0.131,0.0050000000000000044
0.152,0.15,0.0020000000000000018
0.149,0.15,0.0010000000000000009
0.169,0.176,0.0069999999999999785
0.641,0.645,0.0040000000000000036
0.745,0.752,0.007000000000000006
0.258,0.26,0.0020000000000000018
0.316,0.31,0.006000000000000005
0.928,0.928,0.0
0.342,0.341,0.0010000000000000009
0.796,0.796,0.0
0.088,0.086,0.0020000000000000018
0.677,0.673,0.0040000000000000036
0.545,0.545,0.0
0.323,0.315,0.008000000000000007
0.98,0.981,0.0010000000000000009
0.937,0.928,0.009000000000000008
0.95,0.954,0.0040000000000000036
0.435,0.437,0.0020000000000000018
0.977,0.981,0.0040000000000000036
0.539,0.545,0.006000000000000005
0.66,0.66,0.0
0.675,0.673,0.0020000000000000018
0.744,0.747,0.0030000000000000027
0.268,0.269,0.0010000000000000009
0.536,0.542,0.006000000000000005
0.128,0.125,0.0030000000000000027
0.523,0.527,0.0040000000000000036
0.391,0.387,0.0040000000000000036
0.203,0.207,0.003999999999999976
0.219,0.218,0.0010000000000000009
0.891,0.891,0.0
0.409,0.398,0.010999999999999954
0.681,0.686,0.0050000000000000044
0.31,0.309,0.0010000000000000009
0.553,0.56,0.007000000000000006
0.43,0.432,0.0020000000000000018
0.728,0.73,0.0020000000000000018
0.426,0.423,0.0030000000000000027
0.898,0.897,0.0010000000000000009
0.958,0.964,0.006000000000000005
0.55,0.557,0.007000000000000006
0.282,0.283,0.0010000000000000009
0.331,0.326,0.0050000000000000044
0.648,0.65,0.0020000000000000018
0.341,0.333,0.008000000000000007
0.936,0.935,0.0010000000000000009
0.848,0.859,0.01100000000000001
0.165,0.166,0.0010000000000000009
0.619,0.62,0.0010000000000000009
0.989,0.986,0.0030000000000000027
0.665,0.663,0.0020000000000000018
0.493,0.501,0.008000000000000007
0.908,0.906,0.0020000000000000018
0.937,0.935,0.0020000000000000018
0.061,0.07,0.009000000000000008
0.437,0.438,0.0010000000000000009
0.223,0.219,0.0040000000000000036
0.337,0.326,0.01100000000000001
0.83,0.836,0.006000000000000005
0.254,0.257,0.0030000000000000027
0.114,0.11,0.0040000000000000036
0.131,0.131,0.0
0.79,0.796,0.006000000000000005
0.516,0.52,0.0040000000000000036
0.01,0.015,0.004999999999999999
0.069,0.07,0.0010000000000000009
0.411,0.413,0.0020000000000000018
0.519,0.522,0.0030000000000000027
0.615,0.622,0.007000000000000006
0.633,0.639,0.006000000000000005
0.547,0.553,0.006000000000000005
0.187,0.189,0.0020000000000000018
0.322,0.314,0.008000000000000007
0.74,0.747,0.007000000000000006
0.28,0.277,0.0030000000000000027
0.32,0.311,0.009000000000000008
0.072,0.076,0.0040000000000000036
0.869,0.87,0.0010000000000000009
0.705,0.711,0.006000000000000005
0.086,0.085,0.000999999999999987
0.116,0.12,0.00399999999999999
0.782,0.794,0.01200000000000001
0.667,0.673,0.006000000000000005
0.998,0.996,0.0020000000000000018
0.202,0.207,0.004999999999999977
0.17,0.176,0.005999999999999978
0.049,0.056,0.006999999999999999
0.385,0.38,0.0050000000000000044
0.033,0.036,0.0029999999999999957
0.592,0.6,0.008000000000000007
0.429,0.432,0.0030000000000000027
0.414,0.413,0.0010000000000000009
0.05,0.056,0.005999999999999998
0.923,0.911,0.01200000000000001
0.307,0.304,0.0030000000000000027
0.907,0.909,0.0020000000000000018
0.194,0.197,0.0030000000000000027
0.915,0.919,0.0040000000000000036
0.138,0.145,0.0069999999999999785
0.002,0.004,0.002
0.344,0.333,0.010999999999999954
0.27,0.269,0.0010000000000000009
0.198,0.199,0.0010000000000000009
0.221,0.219,0.0020000000000000018
0.777,0.778,0.0010000000000000009
0.286,0.277,0.008999999999999952
0.2,0.202,0.0020000000000000018
0.928,0.924,0.0040000000000000036
0.718,0.716,0.0020000000000000018
0.276,0.273,0.0030000000000000027
0.779,0.781,0.0020000000000000018
0.267,0.264,0.0030000000000000027
0.636,0.631,0.0050000000000000044
0.294,0.295,0.0010000000000000009
0.988,0.981,0.007000000000000006
0.105,0.106,0.0010000000000000009
0.936,0.935,0.0010000000000000009
0.063,0.07,0.007000000000000006
0.566,0.567,0.0010000000000000009
0.39,0.383,0.007000000000000006
0.14,0.143,0.002999999999999975
0.181,0.183,0.0020000000000000018
0.9,0.9,0.0
0.662,0.663,0.0010000000000000009
0.91,0.909,0.0010000000000000009
0.694,0.701,0.007000000000000006
0.978,0.972,0.006000000000000005
0.733,0.734,0.0010000000000000009
0.757,0.76,0.0030000000000000027
0.129,0.131,0.0020000000000000018
0.319,0.319,0.0
0.68,0.686,0.006000000000000005
0.191,0.189,0.0020000000000000018
0.353,0.348,0.0050000000000000044
0.18,0.183,0.0030000000000000027
0.719,0.721,0.0020000000000000018
0.113,0.112,0.0010000000000000009
0.703,0.707,0.0040000000000000036
0.632,0.639,0.007000000000000006
0.208,0.208,0.0
0.62,0.62,0.0
0.401,0.394,0.007000000000000006
0.984,0.989,0.0050000000000000044
0.576,0.582,0.006000000000000005
0.989,0.981,0.008000000000000007
0.028,0.033,0.005000000000000001
0.352,0.348,0.0040000000000000036
0.639,0.639,0.0
0.828,0.836,0.008000000000000007
0.898,0.903,0.0050000000000000044
0.328,0.326,0.0020000000000000018
0.216,0.219,0.0030000000000000027
0.555,0.567,0.0119999999999999
0.512,0.511,0.0010000000000000009
0.102,0.099,0.002999999999999989
0.917,0.913,0.0040000000000000036
0.61,0.616,0.006000000000000005
0.08,0.082,0.0020000000000000018
0.862,0.859,0.0030000000000000027
0.524,0.535,0.01100000000000001
0.661,0.663,0.0020000000000000018
0.033,0.036,0.0029999999999999957
0.871,0.874,0.0030000000000000027
0.616,0.62,0.0040000000000000036
0.921,0.924,0.0030000000000000027
0.309,0.306,0.0030000000000000027
0.36,0.352,0.008000000000000007
0.438,0.437,0.0010000000000000009
0.538,0.545,0.007000000000000006
0.103,0.104,0.0010000000000000009
0.985,0.981,0.0040000000000000036
0.367,0.359,0.008000000000000007
0.64,0.645,0.0050000000000000044
0.05,0.045,0.0050000000000000044
0.402,0.394,0.008000000000000007
0.782,0.794,0.01200000000000001
0.114,0.11,0.0040000000000000036
0.372,0.362,0.010000000000000009
0.404,0.397,0.007000000000000006
0.423,0.421,0.0020000000000000018
0.24,0.241,0.0010000000000000009
0.078,0.076,0.0020000000000000018
0.895,0.891,0.0040000000000000036
0.042,0.051,0.008999999999999994
0.777,0.782,0.0050000000000000044
0.403,0.394,0.009000000000000008
0.913,0.905,0.008000000000000007
0.825,0.83,0.0050000000000000044
0.37,0.363,0.007000000000000006
0.285,0.283,0.0020000000000000018
0.137,0.139,0.0020000000000000018
0.62,0.628,0.008000000000000007
0.308,0.297,0.01100000000000001
0.167,0.166,0.0010000000000000009
0.818,0.82,0.0020000000000000018
0.649,0.657,0.008000000000000007
0.332,0.326,0.006000000000000005
0.771,0.778,0.007000000000000006
0.283,0.278,0.004999999999999949
0.122,0.12,0.0020000000000000018
0.406,0.394,0.01200000000000001
0.383,0.379,0.0040000000000000036
0.376,0.375,0.0010000000000000009
0.568,0.582,0.014000000000000012
0.002,0.989,0.013000000000000012
0.689,0.699,0.010000000000000009
0.989,0.993,0.0040000000000000036
0.229,0.228,0.0010000000000000009
0.475,0.474,0.0010000000000000009
0.494,0.496,0.0020000000000000018
0.003,0.004,0.001
0.772,0.778,0.006000000000000005
0.968,0.968,0.0
0.249,0.246,0.0030000000000000027
0.622,0.628,0.006000000000000005
0.955,0.957,0.0020000000000000018
0.396,0.385,0.01100000000000001
0.355,0.352,0.0030000000000000027
0.462,0.458,0.0040000000000000036
0.725,0.724,0.0010000000000000009
0.375,0.362,0.013000000000000012
0.173,0.183,0.010000000000000009
0.921,0.919,0.0020000000000000018
0.819,0.826,0.007000000000000006
0.609,0.611,0.0020000000000000018
0.384,0.383,0.0010000000000000009
0.945,0.953,0.008000000000000007
0.017,0.02,0.002999999999999999
0.266,0.26,0.006000000000000005
0.994,0.989,0.0050000000000000044
0.253,0.243,0.010000000000000009
0.616,0.611,0.0050000000000000044
0.519,0.522,0.0030000000000000027
0.33,0.319,0.01100000000000001
0.354,0.348,0.006000000000000005
0.085,0.085,0.0
0.099,0.095,0.0040000000000000036
0.241,0.241,0.0
0.416,0.412,0.0040000000000000036
0.767,0.763,0.0040000000000000036
0.626,0.628,0.0020000000000000018
0.53,0.527,0.0030000000000000027
0.101,0.097,0.0040000000000000036
0.619,0.631,0.01200000000000001
0.9,0.905,0.0050000000000000044
0.688,0.694,0.006000000000000005
0.515,0.517,0.0020000000000000018
0.013,0.014,0.0010000000000000009
0.222,0.222,0.0
0.51,0.511,0.0010000000000000009
0.202,0.199,0.0030000000000000027
0.332,0.326,0.006000000000000005
0.585,0.591,0.006000000000000005
0.79,0.798,0.008000000000000007
0.478,0.474,0.0040000000000000036
0.67,0.663,0.007000000000000006
0.326,0.319,0.007000000000000006
0.532,0.535,0.0030000000000000027
0.217,0.213,0.0040000000000000036
0.527,0.53,0.0030000000000000027
0.889,0.891,0.0020000000000000018
0.939,0.935,0.0039999999999998925
0.205,0.199,0.005999999999999978
0.349,0.344,0.0050000000000000044
0.433,0.432,0.0010000000000000009
0.244,0.244,0.0
0.325,0.319,0.006000000000000005
0.532,0.535,0.0030000000000000027
0.277,0.278,0.0010000000000000009
0.235,0.234,0.0009999999999999731
0.119,0.12,0.0010000000000000009
0.807,0.819,0.0119999999999999
0.864,0.859,0.0050000000000000044
0.472,0.476,0.0040000000000000036
0.09,0.086,0.0040000000000000036
0.362,0.352,0.010000000000000009
0.797,0.812,0.015000000000000013
0.187,0.19,0.0030000000000000027
0.929,0.935,0.006000000000000005
0.491,0.488,0.0030000000000000027
0.428,0.432,0.0040000000000000036
0.929,0.935,0.006000000000000005
0.417,0.416,0.0010000000000000009
0.798,0.81,0.01200000000000001
0.242,0.241,0.0010000000000000009
0.997,0.996,0.0010000000000000009
0.06,0.067,0.007000000000000006
0.939,0.935,0.0039999999999998925
0.412,0.416,0.0040000000000000036
0.407,0.404,0.002999999999999947
0.003,0.007,0.004
0.65,0.653,0.0030000000000000027
0.669,0.663,0.006000000000000005
0.854,0.854,0.0
0.744,0.757,0.013000000000000012
0.803,0.81,0.007000000000000006
0.95,0.953,0.0030000000000000027
0.262,0.26,0.0020000000000000018
0.783,0.794,0.01100000000000001
0.287,0.282,0.0050000000000000044
0.352,0.348,0.0040000000000000036
0.749,0.752,0.0030000000000000027
0.449,0.445,0.0040000000000000036
0.96,0.965,0.0050000000000000044
0.02,0.02,0.0
0.14,0.143,0.002999999999999975
0.902,0.905,0.0030000000000000027
0.745,0.752,0.007000000000000006
0.086,0.086,0.0
0.199,0.198,0.0010000000000000009
0.876,0.878,0.0020000000000000018
0.329,0.334,0.0050000000000000044
0.917,0.915,0.0020000000000000018
0.754,0.76,0.006000000000000005
0.139,0.143,0.003999999999999976
0.582,0.591,0.009000000000000008
0.8,0.804,0.0040000000000000036
0.47,0.465,0.004999999999999949
0.177,0.176,0.0010000000000000009
0.389,0.38,0.009000000000000008
0.479,0.479,0.0
0.673,0.673,0.0
0.874,0.883,0.009000000000000008
0.363,0.359,0.0040000000000000036
0.64,0.65,0.010000000000000009
0.805,0.812,0.007000000000000006
0.104,0.097,0.006999999999999992
0.186,0.189,0.0030000000000000027
0.156,0.159,0.0030000000000000027
0.837,0.843,0.006000000000000005
0.67,0.673,0.0030000000000000027
0.696,0.701,0.0050000000000000044
0.975,0.977,0.0020000000000000018
0.593,0.597,0.0040000000000000036
0.693,0.692,0.0010000000000000009
0.571,0.581,0.010000000000000009
0.986,0.989,0.0030000000000000027
0.24,0.237,0.0030000000000000027
0.247,0.244,0.0030000000000000027
0.554,0.559,0.0050000000000000044
0.81,0.817,0.006999999999999895
0.377,0.372,0.0050000000000000044
0.332,0.326,0.006000000000000005
0.329,0.326,0.0030000000000000027
0.426,0.421,0.0050000000000000044
0.232,0.232,0.0
0.175,0.176,0.0010000000000000009
0.826,0.83,0.0040000000000000036
0.484,0.486,0.0020000000000000018
0.26,0.257,0.0030000000000000027
0.273,0.269,0.0040000000000000036
0.459,0.456,0.0030000000000000027
0.024,0.026,0.0019999999999999983
0.942,0.944,0.0020000000000000018
0.558,0.567,0.008999999999999897
0.399,0.392,0.007000000000000006
0.047,0.045,0.0020000000000000018
0.346,0.337,0.008999999999999952
0.209,0.213,0.0040000000000000036
0.85,0.854,0.0040000000000000036
0.85,0.854,0.0040000000000000036
0.92,0.913,0.007000000000000006
0.927,0.928,0.0010000000000000009
0.759,0.771,0.01200000000000001
0.528,0.53,0.0020000000000000018
0.872,0.878,0.006000000000000005
0.725,0.727,0.0020000000000000018
0.846,0.85,0.0040000000000000036
0.144,0.145,0.0010000000000000009
0.393,0.383,0.010000000000000009
0.469,0.474,0.0050000000000000044
0.322,0.315,0.007000000000000006
0.112,0.112,0.0
0.945,0.944,0.0010000000000000009
0.715,0.722,0.007000000000000006
0.508,0.52,0.01200000000000001
0.608,0.615,0.007000000000000006
0.446,0.444,0.0020000000000000018
0.557,0.567,0.009999999999999898
0.543,0.555,0.01200000000000001
0.695,0.701,0.006000000000000005
0.414,0.412,0.0020000000000000018
0.732,0.741,0.009000000000000008
0.768,0.771,0.0030000000000000027
0.574,0.582,0.008000000000000007
0.812,0.817,0.004999999999999893
0.927,0.928,0.0010000000000000009
0.501,0.508,0.007000000000000006
0.245,0.241,0.0040000000000000036
0.987,0.981,0.006000000000000005
0.922,0.922,0.0
0.619,0.628,0.009000000000000008
0.194,0.197,0.0030000000000000027
0.451,0.445,0.006000000000000005
0.225,0.219,0.006000000000000005
0.772,0.778,0.006000000000000005
0.612,0.611,0.0010000000000000009
0.819,0.83,0.01100000000000001
0.613,0.62,0.007000000000000006
0.629,0.631,0.0020000000000000018
0.702,0.702,0.0
0.821,0.824,0.0030000000000000027
0.823,0.83,0.007000000000000006
0.482,0.479,0.0030000000000000027
0.78,0.788,0.008000000000000007
0.081,0.086,0.0049999999999999906
0.382,0.38,0.0020000000000000018
0.884,0.891,0.007000000000000006
0.019,0.014,0.004999999999999999
0.224,0.228,0.0040000000000000036
0.038,0.036,0.0020000000000000018
0.017,0.014,0.003000000000000001
0.317,0.311,0.006000000000000005
0.7,0.704,0.0040000000000000036
0.649,0.65,0.0010000000000000009
0.908,0.909,0.0010000000000000009
0.375,0.369,0.006000000000000005
0.251,0.252,0.0010000000000000009
0.563,0.567,0.0040000000000000036
0.245,0.241,0.0040000000000000036
0.796,0.804,0.008000000000000007
0.568,0.571,0.0030000000000000027
0.535,0.535,0.0
0.794,0.796,0.0020000000000000018
0.919,0.919,0.0
0.324,0.319,0.0050000000000000044
0.349,0.339,0.009999999999999953
0.295,0.295,0.0
0.044,0.045,0.0010000000000000009
0.104,0.097,0.006999999999999992
0.212,0.208,0.0040000000000000036
0.729,0.73,0.0010000000000000009
0.421,0.412,0.009000000000000008
0.074,0.082,0.008000000000000007
0.801,0.812,0.01100000000000001
0.644,0.64,0.0040000000000000036
0.258,0.251,0.007000000000000006
0.981,0.981,0.0
0.381,0.372,0.009000000000000008
0.048,0.045,0.0030000000000000027
0.768,0.778,0.010000000000000009
0.958,0.968,0.010000000000000009
0.971,0.968,0.0030000000000000027
0.485,0.486,0.0010000000000000009
0.196,0.197,0.0010000000000000009
0.948,0.946,0.0020000000000000018
0.062,0.062,0.0
0.524,0.53,0.006000000000000005
0.956,0.956,0.0
0.289,0.283,0.006000000000000005
0.248,0.249,0.0010000000000000009
0.994,0.999,0.0050000000000000044
0.806,0.82,0.013999999999999901
0.328,0.326,0.0020000000000000018
0.196,0.199,0.0030000000000000027
0.855,0.854,0.0010000000000000009
0.785,0.794,0.009000000000000008
0.265,0.26,0.0050000000000000044
0.107,0.11,0.0030000000000000027
0.899,0.897,0.0020000000000000018
0.286,0.284,0.0020000000000000018
0.027,0.036,0.008999999999999998
0.625,0.628,0.0030000000000000027
0.738,0.747,0.009000000000000008
0.41,0.408,0.0020000000000000018
0.935,0.935,0.0
0.721,0.721,0.0
0.817,0.82,0.0030000000000000027
0.611,0.616,0.0050000000000000044
0.405,0.398,0.007000000000000006
0.071,0.075,0.0040000000000000036
0.6,0.6,0.0
0.944,0.943,0.0010000000000000009
0.961,0.956,0.0050000000000000044
0.168,0.169,0.0010000000000000009
0.254,0.251,0.0030000000000000027
0.488,0.488,0.0
0.162,0.159,0.0030000000000000027
0.265,0.257,0.008000000000000007
0.096,0.097,0.0010000000000000009
0.012,0.014,0.002
0.11,0.109,0.0010000000000000009
0.255,0.251,0.0040000000000000036
0.276,0.278,0.0020000000000000018
0.766,0.771,0.0050000000000000044
0.342,0.326,0.016000000000000014
0.916,0.919,0.0030000000000000027
0.656,0.663,0.007000000000000006
0.573,0.575,0.0020000000000000018
0.418,0.416,0.0020000000000000018
0.072,0.062,0.009999999999999995
0.089,0.095,0.006000000000000005
0.891,0.891,0.0
0.94,0.939,0.0010000000000000009
0.399,0.397,0.0020000000000000018
0.477,0.474,0.0030000000000000027
0.86,0.865,0.0050000000000000044
0.052,0.062,0.010000000000000002
0.283,0.278,0.004999999999999949
0.938,0.934,0.0039999999999998925
0.857,0.857,0.0
0.52,0.52,0.0
0.374,0.372,0.0020000000000000018
0.963,0.961,0.0020000000000000018
0.06,0.062,0.0020000000000000018
0.115,0.112,0.0030000000000000027
0.778,0.783,0.0050000000000000044
0.085,0.086,0.000999999999999987
0.281,0.28,0.0010000000000000009
0.311,0.306,0.0050000000000000044
0.555,0.571,0.015999999999999903
0.224,0.225,0.0010000000000000009
0.71,0.714,0.0040000000000000036
0.562,0.571,0.008999999999999897
0.981,0.986,0.0050000000000000044
0.717,0.721,0.0040000000000000036
0.879,0.882,0.0030000000000000027
0.808,0.808,0.0
0.124,0.125,0.0010000000000000009
0.976,0.977,0.0010000000000000009
0.772,0.778,0.006000000000000005
0.31,0.306,0.0040000000000000036
0.835,0.843,0.008000000000000007
0.18,0.183,0.0030000000000000027
0.433,0.432,0.0010000000000000009
0.338,0.333,0.0050000000000000044
0.715,0.722,0.007000000000000006
0.554,0.567,0.0129999999999999
0.526,0.535,0.009000000000000008
0.684,0.686,0.0020000000000000018
0.241,0.241,0.0
0.742,0.747,0.0050000000000000044
0.946,0.945,0.0010000000000000009
0.969,0.968,0.0010000000000000009
0.478,0.479,0.0010000000000000009
0.964,0.968,0.0040000000000000036
0.34,0.333,0.007000000000000006
0.001,0.007,0.006
0.014,0.014,0.0
0.678,0.682,0.0040000000000000036
0.877,0.882,0.0050000000000000044
0.92,0.919,0.0010000000000000009
0.762,0.771,0.009000000000000008
0.094,0.095,0.0010000000000000009
0.627,0.631,0.0040000000000000036
0.594,0.6,0.006000000000000005
0.656,0.657,0.0010000000000000009
0.006,0.004,0.002
0.516,0.516,0.0
0.574,0.582,0.008000000000000007
0.253,0.252,0.0010000000000000009
0.934,0.934,0.0
0.462,0.456,0.006000000000000005
0.774,0.778,0.0040000000000000036
0.034,0.032,0.0020000000000000018
0.724,0.73,0.006000000000000005
0.359,0.35,0.009000000000000008
0.701,0.701,0.0
0.296,0.289,0.007000000000000006
0.197,0.199,0.0020000000000000018
0.383,0.38,0.0030000000000000027
0.626,0.636,0.010000000000000009
0.582,0.582,0.0
0.723,0.73,0.007000000000000006
0.403,0.394,0.009000000000000008
0.231,0.236,0.004999999999999977
0.669,0.673,0.0040000000000000036
0.027,0.029,0.0020000000000000018
0.068,0.07,0.0020000000000000018
0.041,0.036,0.0050000000000000044
0.758,0.771,0.013000000000000012
0.169,0.176,0.0069999999999999785
0.752,0.764,0.01200000000000001
0.132,0.133,0.0010000000000000009
0.986,0.989,0.0030000000000000027
0.201,0.199,0.0020000000000000018
0.261,0.257,0.0040000000000000036
0.43,0.432,0.0020000000000000018
0.678,0.675,0.0030000000000000027
0.666,0.673,0.007000000000000006
0.816,0.83,0.014000000000000012
0.005,0.004,0.001
0.823,0.834,0.01100000000000001
0.468,0.474,0.00599999999999995
0.315,0.31,0.0050000000000000044
0.824,0.83,0.006000000000000005
0.69,0.699,0.009000000000000008
0.773,0.783,0.010000000000000009
0.186,0.191,0.0050000000000000044
0.195,0.198,0.0030000000000000027
0.985,0.981,0.0040000000000000036
0.011,0.02,0.009000000000000001
0.248,0.249,0.0010000000000000009
0.969,0.968,0.0010000000000000009
0.392,0.383,0.009000000000000008
0.023,0.026,0.002999999999999999
0.065,0.062,0.0030000000000000027
0.223,0.222,0.0010000000000000009
0.734,0.737,0.0030000000000000027
0.484,0.486,0.0020000000000000018
0.301,0.301,0.0
0.946,0.943,0.0030000000000000027
0.966,0.968,0.0020000000000000018
0.685,0.686,0.0010000000000000009
0.098,0.095,0.0030000000000000027
0.467,0.461,0.006000000000000005
0.008,0.014,0.006
0.385,0.38,0.0050000000000000044
0.999,0.993,0.006000000000000005
0.991,0.993,0.0020000000000000018
0.178,0.183,0.0050000000000000044
0.968,0.968,0.0
0.121,0.125,0.0040000000000000036
0.372,0.371,0.0010000000000000009
0.454,0.449,0.0050000000000000044
0.591,0.591,0.0
0.704,0.707,0.0030000000000000027
0.675,0.682,0.007000000000000006
0.726,0.73,0.0040000000000000036
0.08,0.085,0.0050000000000000044
0.139,0.139,0.0
0.196,0.199,0.0030000000000000027
0.569,0.581,0.01200000000000001
0.145,0.143,0.0020000000000000018
0.771,0.778,0.007000000000000006
0.707,0.701,0.006000000000000005
0.731,0.741,0.010000000000000009
0.066,0.067,0.0010000000000000009
0.751,0.76,0.009000000000000008
0.176,0.183,0.007000000000000006
0.157,0.159,0.0020000000000000018
0.274,0.273,0.0010000000000000009
0.624,0.628,0.0040000000000000036
0.173,0.176,0.0030000000000000027
0.941,0.944,0.0030000000000000027
0.906,0.905,0.0010000000000000009
0.707,0.711,0.0040000000000000036
0.795,0.804,0.009000000000000008
0.162,0.166,0.0040000000000000036
0.492,0.488,0.0040000000000000036
0.976,0.977,0.0010000000000000009
0.765,0.767,0.0020000000000000018
0.888,0.883,0.0050000000000000044
0.69,0.686,0.0039999999999998925
0.506,0.508,0.0020000000000000018
0.285,0.277,0.007999999999999952
0.838,0.844,0.006000000000000005
0.014,0.014,0.0
0.864,0.87,0.006000000000000005
0.593,0.597,0.0040000000000000036
0.025,0.032,0.006999999999999999
0.097,0.095,0.0020000000000000018
0.485,0.478,0.007000000000000006
0.571,0.571,0.0
0.775,0.786,0.01100000000000001
0.787,0.796,0.009000000000000008
0.466,0.461,0.0050000000000000044
0.037,0.041,0.0040000000000000036
0.113,0.112,0.0010000000000000009
0.409,0.406,0.002999999999999947
0.27,0.264,0.006000000000000005
0.312,0.31,0.0020000000000000018
0.164,0.169,0.0050000000000000044
0.686,0.686,0.0
0.21,0.213,0.0030000000000000027
0.653,0.66,0.007000000000000006
0.509,0.508,0.0010000000000000009
0.305,0.304,0.0010000000000000009
0.168,0.171,0.0030000000000000027
0.967,0.968,0.0010000000000000009
0.395,0.394,0.0010000000000000009
0.691,0.699,0.008000000000000007
0.681,0.682,0.0010000000000000009
0.977,0.981,0.0040000000000000036
0.686,0.699,0.0129999999999999
0.826,0.836,0.010000000000000009
0.546,0.553,0.007000000000000006
0.617,0.628,0.01100000000000001
0.957,0.954,0.0030000000000000027
0.623,0.619,0.0040000000000000036
0.915,0.909,0.006000000000000005
0.117,0.112,0.0050000000000000044
0.515,0.52,0.0050000000000000044
0.635,0.639,0.0040000000000000036
0.108,0.102,0.006000000000000005
0.579,0.591,0.01200000000000001
0.046,0.051,0.0049999999999999975
0.499,0.501,0.0020000000000000018
0.708,0.711,0.0030000000000000027
0.823,0.837,0.014000000000000012
0.868,0.878,0.010000000000000009
0.58,0.581,0.0010000000000000009
0.597,0.6,0.0030000000000000027
0.891,0.891,0.0
0.528,0.535,0.007000000000000006
0.809,0.82,0.010999999999999899
0.05,0.056,0.005999999999999998
0.176,0.176,0.0
0.452,0.445,0.007000000000000006
0.511,0.516,0.0050000000000000044
0.373,0.372,0.0010000000000000009
0.056,0.049,0.006999999999999999
0.926,0.928,0.0020000000000000018
0.363,0.363,0.0
0.687,0.692,0.004999999999999893
0.951,0.953,0.0020000000000000018
0.674,0.673,0.0010000000000000009
0.857,0.859,0.0020000000000000018
0.204,0.202,0.001999999999999974
0.894,0.897,0.0030000000000000027
0.339,0.333,0.006000000000000005
0.586,0.591,0.0050000000000000044
0.643,0.639,0.0040000000000000036
0.095,0.097,0.0020000000000000018
0.841,0.843,0.0020000000000000018
0.061,0.056,0.0049999999999999975
0.644,0.649,0.0050000000000000044
0.756,0.764,0.008000000000000007
0.209,0.207,0.0020000000000000018
0.815,0.824,0.009000000000000008
0.391,0.387,0.0040000000000000036
0.004,0.004,0.0
0.471,0.464,0.006999999999999951
0.724,0.73,0.006000000000000005
0.766,0.771,0.0050000000000000044
0.637,0.631,0.006000000000000005
0.024,0.026,0.0019999999999999983
0.843,0.85,0.007000000000000006
0.488,0.501,0.013000000000000012
0.002,0.999,0.0030000000000000027
0.742,0.752,0.010000000000000009
0.742,0.74,0.0020000000000000018
0.088,0.086,0.0020000000000000018
0.618,0.628,0.010000000000000009
0.175,0.183,0.008000000000000007
0.729,0.73,0.0010000000000000009
0.932,0.928,0.0040000000000000036
0.587,0.591,0.0040000000000000036
0.654,0.66,0.006000000000000005
0.573,0.567,0.006000000000000005
0.456,0.449,0.007000000000000006
0.362,0.356,0.006000000000000005
0.249,0.249,0.0
0.28,0.273,0.007000000000000006
0.412,0.408,0.0040000000000000036
0.241,0.241,0.0
0.314,0.311,0.0030000000000000027
0.118,0.112,0.0059999999999999915
0.784,0.786,0.0020000000000000018
0.401,0.394,0.007000000000000006
0.403,0.397,0.006000000000000005
0.835,0.838,0.0030000000000000027
0.438,0.435,0.0030000000000000027
0.034,0.036,0.001999999999999995
0.548,0.553,0.0050000000000000044
0.518,0.527,0.009000000000000008
0.945,0.943,0.0020000000000000018
0.173,0.176,0.0030000000000000027
0.059,0.067,0.008000000000000007
0.543,0.545,0.0020000000000000018
0.446,0.444,0.0020000000000000018
0.018,0.026,0.008
0.615,0.619,0.0040000000000000036
0.21,0.207,0.0030000000000000027
0.094,0.093,0.0010000000000000009
0.252,0.251,0.0010000000000000009
0.862,0.867,0.0050000000000000044
0.028,0.033,0.005000000000000001
0.371,0.372,0.0010000000000000009
0.569,0.575,0.006000000000000005
0.814,0.82,0.006000000000000005
0.788,0.794,0.006000000000000005
0.144,0.15,0.006000000000000005
0.12,0.12,0.0
0.549,0.555,0.006000000000000005
0.986,0.981,0.0050000000000000044
0.785,0.788,0.0030000000000000027
0.02,0.02,0.0
0.25,0.251,0.0010000000000000009
0.339,0.333,0.006000000000000005
0.474,0.467,0.006999999999999951
0.596,0.611,0.015000000000000013
0.543,0.545,0.0020000000000000018
0.1,0.102,0.001999999999999988
0.587,0.591,0.0040000000000000036
0.019,0.014,0.004999999999999999
0.907,0.905,0.0020000000000000018
0.442,0.437,0.0050000000000000044
0.366,0.359,0.007000000000000006
0.638,0.645,0.007000000000000006
0.923,0.919,0.0040000000000000036
0.01,0.014,0.004
0.82,0.826,0.006000000000000005
0.935,0.939,0.0039999999999998925
0.89,0.891,0.0010000000000000009
0.69,0.692,0.0020000000000000018
0.398,0.394,0.0040000000000000036
0.4,0.397,0.0030000000000000027
0.657,0.663,0.006000000000000005
0.721,0.721,0.0
0.458,0.458,0.0
0.64,0.639,0.0010000000000000009
0.689,0.704,0.015000000000000013
0.192,0.19,0.0020000000000000018
0.948,0.943,0.0050000000000000044
0.603,0.611,0.008000000000000007
0.364,0.352,0.01200000000000001
0.667,0.673,0.006000000000000005
0.226,0.228,0.0020000000000000018
0.663,0.662,0.0010000000000000009
0.912,0.909,0.0030000000000000027
0.536,0.547,0.01100000000000001
0.155,0.159,0.0040000000000000036
0.666,0.663,0.0030000000000000027
0.283,0.283,0.0
0.079,0.081,0.0020000000000000018
0.578,0.582,0.0040000000000000036
0.12,0.125,0.0050000000000000044
0.236,0.232,0.003999999999999976
0.37,0.37,0.0
0.246,0.249,0.0030000000000000027
0.077,0.076,0.0010000000000000009
0.924,0.924,0.0
0.647,0.65,0.0030000000000000027
0.965,0.968,0.0030000000000000027
0.75,0.757,0.007000000000000006
0.59,0.6,0.010000000000000009
0.977,0.977,0.0
0.881,0.883,0.0020000000000000018
0.174,0.176,0.0020000000000000018
0.038,0.041,0.0030000000000000027
0.595,0.6,0.0050000000000000044
0.504,0.508,0.0040000000000000036
0.296,0.295,0.0010000000000000009
0.978,0.977,0.0010000000000000009
0.018,0.026,0.008
0.846,0.854,0.008000000000000007
0.313,0.311,0.0020000000000000018
0.135,0.131,0.0040000000000000036
0.083,0.081,0.0020000000000000018
0.886,0.883,0.0030000000000000027
0.427,0.427,0.0
0.531,0.541,0.010000000000000009
0.182,0.189,0.007000000000000006
0.068,0.07,0.0020000000000000018
0.457,0.458,0.0010000000000000009
0.428,0.427,0.0010000000000000009
0.558,0.571,0.0129999999999999
0.962,0.968,0.006000000000000005
0.885,0.891,0.006000000000000005
0.546,0.556,0.010000000000000009
0.73,0.734,0.0040000000000000036
0.082,0.081,0.0010000000000000009
0.316,0.315,0.0010000000000000009
0.75,0.752,0.0020000000000000018
0.853,0.854,0.0010000000000000009
0.385,0.379,0.006000000000000005
0.448,0.445,0.0030000000000000027
0.642,0.645,0.0030000000000000027
0.564,0.567,0.0030000000000000027
0.476,0.479,0.0030000000000000027
0.985,0.989,0.0040000000000000036
0.709,0.714,0.0050000000000000044
0.348,0.341,0.006999999999999951
0.38,0.38,0.0
0.099,0.101,0.0020000000000000018
0.655,0.663,0.008000000000000007
0.953,0.956,0.0030000000000000027
0.917,0.909,0.008000000000000007
0.341,0.333,0.008000000000000007
0.028,0.026,0.0020000000000000018
0.902,0.897,0.0050000000000000044
0.294,0.295,0.0010000000000000009
0.81,0.82,0.009999999999999898
0.963,0.968,0.0050000000000000044
0.649,0.65,0.0010000000000000009
0.56,0.567,0.006999999999999895
0.769,0.778,0.009000000000000008
0.93,0.934,0.0040000000000000036
0.923,0.924,0.0010000000000000009
0.29,0.278,0.011999999999999955
0.993,0.993,0.0
0.872,0.874,0.0020000000000000018
0.49,0.494,0.0040000000000000036
0.456,0.449,0.007000000000000006
0.99,0.989,0.0010000000000000009
0.27,0.264,0.006000000000000005
0.691,0.692,0.0010000000000000009
0.933,0.928,0.0050000000000000044
0.117,0.112,0.0050000000000000044
0.721,0.727,0.006000000000000005
0.71,0.722,0.01200000000000001
0.77,0.771,0.0010000000000000009
0.625,0.631,0.006000000000000005
0.685,0.686,0.0010000000000000009
0.722,0.724,0.0020000000000000018
0.29,0.284,0.006000000000000005
0.234,0.232,0.0020000000000000018
0.369,0.371,0.0020000000000000018
0.157,0.159,0.0020000000000000018
0.273,0.264,0.009000000000000008
0.162,0.166,0.0040000000000000036
0.621,0.622,0.0010000000000000009
0.961,0.968,0.007000000000000006
0.941,0.943,0.0020000000000000018
0.695,0.701,0.006000000000000005
0.781,0.789,0.008000000000000007
0.361,0.352,0.009000000000000008
0.454,0.449,0.0050000000000000044
0.447,0.445,0.0020000000000000018
0.13,0.131,0.0010000000000000009
0.997,0.993,0.0040000000000000036
0.381,0.378,0.0030000000000000027
0.869,0.87,0.0010000000000000009
0.544,0.553,0.009000000000000008
0.698,0.701,0.0030000000000000027
0.965,0.977,0.01200000000000001
0.39,0.38,0.010000000000000009
0.851,0.859,0.008000000000000007
0.125,0.125,0.0
0.45,0.445,0.0050000000000000044
0.148,0.15,0.0020000000000000018
0.963,0.968,0.0050000000000000044
0.252,0.252,0.0
0.18,0.183,0.0030000000000000027
0.695,0.686,0.008999999999999897
0.451,0.445,0.006000000000000005
0.376,0.363,0.013000000000000012
0.008,0.014,0.006
0.19,0.197,0.007000000000000006
0.657,0.663,0.006000000000000005
0.873,0.883,0.010000000000000009
0.578,0.582,0.0040000000000000036
0.225,0.223,0.0020000000000000018
0.473,0.474,0.0010000000000000009
0.615,0.628,0.013000000000000012
0.218,0.219,0.0010000000000000009
0.883,0.883,0.0
0.007,0.999,0.008000000000000007
0.338,0.333,0.0050000000000000044
0.197,0.202,0.0050000000000000044
0.909,0.905,0.0040000000000000036
0.296,0.295,0.0010000000000000009
0.48,0.485,0.0050000000000000044
0.622,0.628,0.006000000000000005
0.719,0.722,0.0030000000000000027
0.329,0.326,0.0030000000000000027
0.217,0.219,0.0020000000000000018
0.302,0.301,0.0010000000000000009
0.792,0.794,0.0020000000000000018
0.052,0.056,0.0040000000000000036
0.803,0.811,0.008000000000000007
0.464,0.461,0.0030000000000000027
0.35,0.348,0.0020000000000000018
0.439,0.437,0.0020000000000000018
0.668,0.673,0.0050000000000000044
0.142,0.143,0.0010000000000000009
0.498,0.501,0.0030000000000000027
0.422,0.416,0.006000000000000005
0.576,0.587,0.01100000000000001
0.292,0.283,0.009000000000000008
0.36,0.352,0.008000000000000007
0.219,0.219,0.0
0.883,0.882,0.0010000000000000009
0.211,0.213,0.0020000000000000018
0.051,0.056,0.0050000000000000044
0.495,0.496,0.0010000000000000009
0.19,0.183,0.007000000000000006
0.747,0.747,0.0
0.975,0.981,0.006000000000000005
0.712,0.721,0.009000000000000008
0.651,0.655,0.0040000000000000036
0.865,0.874,0.009000000000000008
0.608,0.611,0.0030000000000000027
0.264,0.26,0.0040000000000000036
0.298,0.289,0.009000000000000008
0.421,0.432,0.01100000000000001
0.159,0.166,0.007000000000000006
0.83,0.837,0.007000000000000006
0.036,0.036,0.0
0.11,0.109,0.0010000000000000009
0.317,0.31,0.007000000000000006
0.525,0.527,0.0020000000000000018
0.728,0.73,0.0020000000000000018
0.198,0.199,0.0010000000000000009
0.799,0.81,0.01100000000000001
0.098,0.097,0.0010000000000000009
0.585,0.587,0.0020000000000000018
0.8,0.812,0.01200000000000001
0.709,0.714,0.0050000000000000044
0.183,0.183,0.0
0.481,0.479,0.0020000000000000018
0.972,0.968,0.0040000000000000036
0.834,0.838,0.0040000000000000036
0.583,0.587,0.0040000000000000036
0.58,0.591,0.01100000000000001
0.049,0.049,0.0
0.513,0.517,0.0040000000000000036
0.415,0.412,0.0030000000000000027
0.242,0.241,0.0010000000000000009
0.712,0.714,0.0020000000000000018
0.558,0.567,0.008999999999999897
0.79,0.802,0.01200000000000001
0.893,0.897,0.0040000000000000036
0.3,0.295,0.0050000000000000044
0.315,0.309,0.006000000000000005
0.708,0.714,0.006000000000000005
0.437,0.438,0.0010000000000000009
0.072,0.07,0.001999999999999988
0.549,0.559,0.010000000000000009
0.78,0.786,0.006000000000000005
0.9,0.904,0.0040000000000000036
0.863,0.87,0.007000000000000006
0.23,0.232,0.0020000000000000018
0.017,0.026,0.008999999999999998
0.637,0.64,0.0030000000000000027
0.912,0.909,0.0030000000000000027
0.588,0.591,0.0030000000000000027
0.894,0.897,0.0030000000000000027
0.314,0.31,0.0040000000000000036
0.896,0.897,0.0010000000000000009
0.644,0.649,0.0050000000000000044
0.079,0.082,0.0030000000000000027
0.356,0.352,0.0040000000000000036
0.243,0.244,0.0010000000000000009
0.306,0.304,0.0020000000000000018
0.717,0.721,0.0040000000000000036
0.961,0.964,0.0030000000000000027
0.461,0.461,0.0
0.424,0.421,0.0030000000000000027
0.845,0.85,0.0050000000000000044
0.398,0.394,0.0040000000000000036
0.897,0.9,0.0030000000000000027
0.453,0.456,0.0030000000000000027
0.845,0.85,0.0050000000000000044
0.076,0.085,0.009000000000000008
0.149,0.15,0.0010000000000000009
0.595,0.591,0.0040000000000000036
0.746,0.752,0.006000000000000005
0.277,0.277,0.0
0.471,0.467,0.003999999999999948
0.31,0.304,0.006000000000000005
0.516,0.52,0.0040000000000000036
0.795,0.808,0.013000000000000012
0.947,0.944,0.0030000000000000027
0.275,0.269,0.006000000000000005
0.007,0.993,0.014000000000000012
0.578,0.581,0.0030000000000000027
0.45,0.445,0.0050000000000000044
0.238,0.241,0.0030000000000000027
0.834,0.843,0.009000000000000008
0.878,0.883,0.0050000000000000044
0.617,0.616,0.0010000000000000009
0.774,0.778,0.0040000000000000036
0.735,0.738,0.0030000000000000027
0.817,0.814,0.0030000000000000027
0.07,0.07,0.0
0.361,0.352,0.009000000000000008
0.816,0.824,0.008000000000000007
0.181,0.189,0.008000000000000007
0.56,0.567,0.006999999999999895
0.633,0.628,0.0050000000000000044
0.979,0.981,0.0020000000000000018
0.959,0.956,0.0030000000000000027
0.067,0.07,0.0030000000000000027
0.134,0.143,0.00899999999999998
0.88,0.878,0.0020000000000000018
0.526,0.53,0.0040000000000000036
0.756,0.76,0.0040000000000000036
0.862,0.857,0.0050000000000000044
0.314,0.311,0.0030000000000000027
0.92,0.924,0.0040000000000000036
0.605,0.611,0.006000000000000005
0.671,0.673,0.0020000000000000018
0.555,0.555,0.0
0.876,0.883,0.007000000000000006
0.206,0.206,0.0
0.285,0.284,0.0010000000000000009
0.95,0.957,0.007000000000000006
0.463,0.456,0.007000000000000006
0.424,0.416,0.008000000000000007
0.08,0.081,0.0010000000000000009
0.662,0.662,0.0
0.359,0.352,0.007000000000000006
0.026,0.026,0.0
0.335,0.333,0.0020000000000000018
0.749,0.76,0.01100000000000001
0.127,0.129,0.0020000000000000018
0.983,0.986,0.0030000000000000027
0.191,0.19,0.0010000000000000009
0.037,0.047,0.010000000000000002
0.239,0.243,0.0040000000000000036
0.804,0.808,0.0040000000000000036
0.415,0.406,0.008999999999999952
0.538,0.545,0.007000000000000006
0.109,0.097,0.011999999999999997
0.474,0.474,0.0
0.631,0.643,0.01200000000000001
0.841,0.85,0.009000000000000008
0.207,0.207,0.0
0.565,0.581,0.016000000000000014
0.574,0.587,0.013000000000000012
0.018,0.02,0.0020000000000000018
0.237,0.241,0.0040000000000000036
0.849,0.859,0.010000000000000009
0.673,0.682,0.009000000000000008
0.885,0.88,0.0050000000000000044
0.259,0.252,0.007000000000000006
0.249,0.248,0.0010000000000000009
0.882,0.883,0.0010000000000000009
0.72,0.724,0.0040000000000000036
0.778,0.786,0.008000000000000007
0.04,0.041,0.0010000000000000009
0.594,0.6,0.006000000000000005
0.422,0.416,0.006000000000000005
0.489,0.488,0.0010000000000000009
0.41,0.408,0.0020000000000000018
0.436,0.444,0.008000000000000007
0.672,0.673,0.0010000000000000009
0.645,0.649,0.0040000000000000036
0.732,0.74,0.008000000000000007
0.629,0.628,0.0010000000000000009
0.748,0.752,0.0040000000000000036
0.602,0.608,0.006000000000000005
0.365,0.352,0.013000000000000012
0.391,0.38,0.01100000000000001
0.881,0.883,0.0020000000000000018
0.374,0.372,0.0020000000000000018
0.866,0.874,0.008000000000000007
0.49,0.488,0.0020000000000000018
0.234,0.228,0.006000000000000005
0.358,0.352,0.006000000000000005
0.166,0.166,0.0
0.821,0.83,0.009000000000000008
0.493,0.496,0.0030000000000000027
0.318,0.319,0.0010000000000000009
0.174,0.176,0.0020000000000000018
0.993,0.989,0.0040000000000000036
0.902,0.904,0.0020000000000000018
0.356,0.352,0.0040000000000000036
0.022,0.026,0.004
0.652,0.662,0.010000000000000009
0.336,0.337,0.0010000000000000009
0.995,0.989,0.006000000000000005
0.221,0.219,0.0020000000000000018
0.63,0.631,0.0010000000000000009
0.897,0.897,0.0
0.723,0.73,0.007000000000000006
0.443,0.445,0.0020000000000000018
0.5,0.501,0.0010000000000000009
0.852,0.859,0.007000000000000006
0.19,0.191,0.0010000000000000009
0.762,0.771,0.009000000000000008
0.919,0.924,0.0050000000000000044
0.84,0.844,0.0040000000000000036
0.828,0.837,0.009000000000000008
0.184,0.189,0.0050000000000000044
0.38,0.372,0.008000000000000007
0.406,0.394,0.01200000000000001
0.643,0.65,0.007000000000000006
0.382,0.372,0.010000000000000009
0.083,0.085,0.0020000000000000018
0.599,0.6,0.0010000000000000009
0.672,0.673,0.0010000000000000009
0.064,0.07,0.006000000000000005
0.104,0.099,0.0049999999999999906
0.118,0.12,0.0020000000000000018
0.482,0.488,0.006000000000000005
0.011,0.02,0.009000000000000001
0.711,0.714,0.0030000000000000027
0.653,0.657,0.0040000000000000036
0.61,0.619,0.009000000000000008
0.787,0.794,0.007000000000000006
0.293,0.284,0.009000000000000008
0.47,0.467,0.002999999999999947
0.382,0.372,0.010000000000000009
0.464,0.467,0.0030000000000000027
0.279,0.273,0.006000000000000005
0.278,0.278,0.0
0.537,0.547,0.010000000000000009
0.185,0.183,0.0020000000000000018
0.416,0.416,0.0
0.397,0.394,0.0030000000000000027
0.949,0.945,0.0040000000000000036
0.292,0.284,0.008000000000000007
0.646,0.65,0.0040000000000000036
0.179,0.183,0.0040000000000000036
0.929,0.924,0.0050000000000000044
0.788,0.794,0.006000000000000005
0.924,0.924,0.0
0.031,0.026,0.005000000000000001
0.953,0.956,0.0030000000000000027
0.825,0.834,0.009000000000000008
0.662,0.663,0.0010000000000000009
0.164,0.166,0.0020000000000000018
0.439,0.44,0.0010000000000000009
0.635,0.64,0.0050000000000000044
0.565,0.571,0.006000000000000005
0.547,0.545,0.0020000000000000018
0.547,0.555,0.008000000000000007
0.841,0.85,0.009000000000000008
0.15,0.159,0.009000000000000008
0.501,0.501,0.0
0.54,0.553,0.013000000000000012
0.398,0.394,0.0040000000000000036
0.413,0.416,0.0030000000000000027
0.161,0.166,0.0050000000000000044
0.522,0.527,0.0050000000000000044
0.682,0.686,0.0040000000000000036
0.553,0.556,0.0030000000000000027
0.697,0.701,0.0040000000000000036
0.026,0.026,0.0
0.159,0.166,0.007000000000000006
0.016,0.014,0.002
0.888,0.891,0.0030000000000000027
0.021,0.02,0.0010000000000000009
0.514,0.516,0.0020000000000000018
0.867,0.867,0.0
0.785,0.786,0.0010000000000000009
0.777,0.778,0.0010000000000000009
0.325,0.319,0.006000000000000005
0.23,0.229,0.0010000000000000009
0.496,0.496,0.0
0.829,0.836,0.007000000000000006
0.278,0.283,0.004999999999999949
0.847,0.854,0.007000000000000006
0.934,0.943,0.008999999999999897
0.157,0.152,0.0050000000000000044
0.291,0.284,0.007000000000000006
0.475,0.479,0.0040000000000000036
0.354,0.35,0.0040000000000000036
0.272,0.26,0.01200000000000001
0.63,0.639,0.009000000000000008
0.085,0.086,0.000999999999999987
0.188,0.197,0.009000000000000008
0.815,0.826,0.01100000000000001
0.026,0.026,0.0
0.453,0.449,0.0040000000000000036
0.299,0.295,0.0040000000000000036
0.138,0.143,0.004999999999999977
0.74,0.747,0.007000000000000006
0.261,0.257,0.0040000000000000036
0.734,0.74,0.006000000000000005
0.87,0.878,0.008000000000000007
0.236,0.234,0.001999999999999974
0.491,0.488,0.0030000000000000027
0.562,0.571,0.008999999999999897
0.763,0.771,0.008000000000000007
0.232,0.232,0.0
0.243,0.243,0.0
0.368,0.372,0.0040000000000000036
0.854,0.859,0.0050000000000000044
0.93,0.919,0.01100000000000001
0.819,0.831,0.01200000000000001
0.502,0.496,0.006000000000000005
0.674,0.673,0.0010000000000000009
0.034,0.036,0.001999999999999995
0.804,0.818,0.013999999999999901
0.861,0.857,0.0040000000000000036
0.584,0.591,0.007000000000000006
0.653,0.66,0.007000000000000006
0.483,0.486,0.0030000000000000027
0.743,0.747,0.0040000000000000036
0.765,0.771,0.006000000000000005
0.936,0.934,0.0020000000000000018
0.646,0.65,0.0040000000000000036
0.795,0.808,0.013000000000000012
0.357,0.348,0.009000000000000008
0.048,0.056,0.008
0.593,0.597,0.0040000000000000036
0.761,0.761,0.0
0.511,0.517,0.006000000000000005
0.4,0.394,0.006000000000000005
0.743,0.757,0.014000000000000012
0.956,0.956,0.0
0.273,0.264,0.009000000000000008
0.575,0.582,0.007000000000000006
0.609,0.613,0.0040000000000000036
0.091,0.088,0.0030000000000000027
0.818,0.834,0.016000000000000014
0.561,0.571,0.009999999999999898
0.441,0.438,0.0030000000000000027
0.781,0.786,0.0050000000000000044
0.22,0.219,0.0010000000000000009
0.058,0.056,0.0020000000000000018
0.206,0.208,0.0020000000000000018
0.459,0.458,0.0010000000000000009
0.803,0.817,0.013999999999999901
0.509,0.517,0.008000000000000007
0.752,0.752,0.0
0.621,0.62,0.0010000000000000009
0.064,0.07,0.006000000000000005
0.585,0.591,0.006000000000000005
0.126,0.131,0.0050000000000000044
0.255,0.252,0.0030000000000000027
0.556,0.559,0.0030000000000000027
0.365,0.359,0.006000000000000005
0.948,0.953,0.0050000000000000044
0.835,0.844,0.009000000000000008
0.522,0.527,0.0050000000000000044
0.357,0.359,0.0020000000000000018
0.172,0.171,0.0009999999999999731
0.341,0.333,0.008000000000000007
0.25,0.249,0.0010000000000000009
0.251,0.244,0.007000000000000006
0.602,0.608,0.006000000000000005
0.589,0.597,0.008000000000000007
0.786,0.794,0.008000000000000007
0.494,0.496,0.0020000000000000018
0.694,0.707,0.013000000000000012
0.597,0.6,0.0030000000000000027
0.051,0.056,0.0050000000000000044
0.545,0.553,0.008000000000000007
0.914,0.919,0.0050000000000000044
0.431,0.421,0.010000000000000009
0.542,0.545,0.0030000000000000027
0.86,0.867,0.007000000000000006
0.627,0.628,0.0010000000000000009
0.454,0.45,0.0040000000000000036
0.422,0.421,0.0010000000000000009
0.069,0.076,0.006999999999999992
0.63,0.631,0.0010000000000000009
0.392,0.392,0.0
0.011,0.02,0.009000000000000001
0.032,0.036,0.003999999999999997
0.559,0.567,0.007999999999999896
0.886,0.891,0.0050000000000000044
0.896,0.897,0.0010000000000000009
0.116,0.12,0.00399999999999999
0.507,0.52,0.013000000000000012
0.554,0.56,0.006000000000000005
0.479,0.479,0.0
0.915,0.915,0.0
0.34,0.326,0.014000000000000012
0.84,0.844,0.0040000000000000036
0.616,0.628,0.01200000000000001
0.575,0.582,0.007000000000000006
0.588,0.6,0.01200000000000001
0.48,0.479,0.0010000000000000009
0.664,0.673,0.009000000000000008
0.491,0.488,0.0030000000000000027
0.137,0.143,0.005999999999999978
0.099,0.097,0.0020000000000000018
0.762,0.768,0.006000000000000005
0.029,0.026,0.0030000000000000027
0.534,0.545,0.01100000000000001
0.906,0.909,0.0030000000000000027
0.32,0.311,0.009000000000000008
0.259,0.26,0.0010000000000000009
0.233,0.228,0.0050000000000000044
0.016,0.02,0.004
0.501,0.508,0.007000000000000006
0.352,0.341,0.010999999999999954
0.256,0.251,0.0050000000000000044
0.394,0.38,0.014000000000000012
0.306,0.306,0.0
0.75,0.757,0.007000000000000006
0.425,0.432,0.007000000000000006
0.108,0.11,0.0020000000000000018
0.875,0.883,0.008000000000000007
0.864,0.874,0.010000000000000009
0.041,0.041,0.0
0.784,0.792,0.008000000000000007
0.664,0.66,0.0040000000000000036
0.143,0.143,0.0
0.17,0.174,0.003999999999999976
0.108,0.106,0.0020000000000000018
0.753,0.76,0.007000000000000006
0.78,0.786,0.006000000000000005
0.692,0.699,0.007000000000000006
0.904,0.909,0.0050000000000000044
0.488,0.485,0.0030000000000000027
0.156,0.159,0.0030000000000000027
0.847,0.85,0.0030000000000000027
0.971,0.968,0.0030000000000000027
0.23,0.232,0.0020000000000000018
0.88,0.883,0.0030000000000000027
0.532,0.541,0.009000000000000008
0.211,0.208,0.0030000000000000027
0.271,0.269,0.0020000000000000018
0.884,0.891,0.007000000000000006
0.166,0.166,0.0
0.689,0.699,0.010000000000000009
0.432,0.432,0.0
0.704,0.699,0.0050000000000000044
0.882,0.883,0.0010000000000000009
0.287,0.282,0.0050000000000000044
0.025,0.026,0.0009999999999999974
0.008,0.015,0.006999999999999999
0.184,0.189,0.0050000000000000044
0.148,0.15,0.0020000000000000018
0.988,0.986,0.0020000000000000018
0.551,0.555,0.0040000000000000036
0.976,0.968,0.008000000000000007
0.441,0.44,0.0010000000000000009
0.867,0.878,0.01100000000000001
0.282,0.284,0.0020000000000000018
0.49,0.488,0.0020000000000000018
0.924,0.924,0.0
0.087,0.088,0.0010000000000000009
0.918,0.913,0.0050000000000000044
0.338,0.341,0.0030000000000000027
0.74,0.747,0.007000000000000006
0.499,0.508,0.009000000000000008
0.97,0.972,0.0020000000000000018
0.167,0.171,0.0040000000000000036
0.895,0.891,0.0040000000000000036
0.312,0.306,0.006000000000000005
0.718,0.727,0.009000000000000008
0.643,0.645,0.0020000000000000018
0.04,0.047,0.006999999999999999
0.504,0.501,0.0030000000000000027
0.858,0.859,0.0010000000000000009
0.489,0.486,0.0030000000000000027
0.539,0.541,0.0020000000000000018
0.365,0.363,0.0020000000000000018
0.631,0.639,0.008000000000000007
0.652,0.66,0.008000000000000007
0.046,0.047,0.0010000000000000009
0.056,0.056,0.0
0.808,0.817,0.008999999999999897
0.481,0.479,0.0020000000000000018
0.822,0.834,0.01200000000000001
0.446,0.445,0.0010000000000000009
0.996,0.989,0.007000000000000006
0.584,0.582,0.0020000000000000018
0.33,0.319,0.01100000000000001
0.642,0.65,0.008000000000000007
0.158,0.166,0.008000000000000007
0.974,0.968,0.006000000000000005
0.015,0.02,0.005000000000000001
0.055,0.062,0.006999999999999999
0.082,0.085,0.0030000000000000027
0.577,0.582,0.0050000000000000044
0.857,0.859,0.0020000000000000018
0.394,0.394,0.0
0.637,0.645,0.008000000000000007
0.967,0.968,0.0010000000000000009
0.842,0.844,0.0020000000000000018
0.41,0.393,0.01699999999999996
0.99,0.989,0.0010000000000000009
0.527,0.535,0.008000000000000007
0.755,0.764,0.009000000000000008
0.533,0.545,0.01200000000000001
0.322,0.319,0.0030000000000000027
0.159,0.166,0.007000000000000006
0.161,0.166,0.0050000000000000044
0.859,0.859,0.0
0.103,0.101,0.001999999999999988
0.626,0.628,0.0020000000000000018
0.686,0.686,0.0
0.627,0.628,0.0010000000000000009
0.638,0.65,0.01200000000000001
0.234,0.232,0.0020000000000000018
0.894,0.891,0.0030000000000000027
0.245,0.243,0.0020000000000000018
0.228,0.228,0.0
0.542,0.547,0.0050000000000000044
0.856,0.858,0.0020000000000000018
0.817,0.834,0.017000000000000015
0.368,0.363,0.0050000000000000044
0.729,0.727,0.0020000000000000018
0.755,0.764,0.009000000000000008
0.197,0.198,0.0010000000000000009
0.89,0.891,0.0010000000000000009
0.781,0.792,0.01100000000000001
0.942,0.935,0.006999999999999895
0.901,0.9,0.0010000000000000009
0.399,0.38,0.019000000000000017
0.297,0.289,0.008000000000000007
0.62,0.628,0.008000000000000007
0.065,0.07,0.0050000000000000044
0.611,0.611,0.0
0.434,0.432,0.0020000000000000018
0.07,0.07,0.0
0.199,0.202,0.0030000000000000027
0.152,0.159,0.007000000000000006
0.185,0.189,0.0040000000000000036
0.573,0.575,0.0020000000000000018
0.8,0.812,0.01200000000000001
0.769,0.783,0.014000000000000012
0.077,0.075,0.0020000000000000018
0.429,0.432,0.0030000000000000027
0.528,0.535,0.007000000000000006
0.188,0.189,0.0010000000000000009
0.09,0.085,0.0049999999999999906
0.35,0.348,0.0020000000000000018
0.351,0.337,0.013999999999999957
0.99,0.993,0.0030000000000000027
0.055,0.062,0.006999999999999999
0.87,0.865,0.0050000000000000044
0.2,0.198,0.0020000000000000018
0.866,0.874,0.008000000000000007
0.075,0.081,0.006000000000000005
0.457,0.458,0.0010000000000000009
0.089,0.086,0.0030000000000000027
0.073,0.07,0.002999999999999989
0.6,0.6,0.0
0.731,0.741,0.010000000000000009
0.595,0.6,0.0050000000000000044
0.931,0.934,0.0030000000000000027
0.998,0.993,0.0050000000000000044
0.632,0.631,0.0010000000000000009
0.601,0.611,0.010000000000000009
0.608,0.613,0.0050000000000000044
0.793,0.811,0.018000000000000016
0.298,0.29,0.008000000000000007
0.418,0.416,0.0020000000000000018
0.822,0.836,0.014000000000000012
0.739,0.745,0.006000000000000005
0.833,0.843,0.010000000000000009
0.356,0.351,0.0050000000000000044
0.705,0.705,0.0
0.511,0.517,0.006000000000000005
0.271,0.273,0.0020000000000000018
0.333,0.326,0.007000000000000006
0.502,0.508,0.006000000000000005
0.263,0.264,0.0010000000000000009
0.347,0.344,0.0030000000000000027
0.487,0.479,0.008000000000000007
0.569,0.581,0.01200000000000001
0.309,0.305,0.0040000000000000036
0.811,0.817,0.005999999999999894
0.327,0.319,0.008000000000000007
0.794,0.804,0.010000000000000009
0.553,0.567,0.013999999999999901
0.716,0.714,0.0020000000000000018
0.696,0.699,0.0030000000000000027
0.916,0.919,0.0030000000000000027
0.359,0.352,0.007000000000000006
0.244,0.251,0.007000000000000006
0.387,0.383,0.0040000000000000036
0.269,0.269,0.0
0.944,0.952,0.008000000000000007
0.628,0.631,0.0030000000000000027
0.242,0.241,0.0010000000000000009
0.192,0.197,0.0050000000000000044
0.738,0.749,0.01100000000000001
0.297,0.289,0.008000000000000007
0.213,0.213,0.0
0.043,0.045,0.0020000000000000018
0.979,0.981,0.0020000000000000018
0.581,0.587,0.006000000000000005
0.931,0.928,0.0030000000000000027
0.271,0.264,0.007000000000000006
0.581,0.591,0.010000000000000009
0.333,0.326,0.007000000000000006
0.534,0.541,0.007000000000000006
0.702,0.701,0.0010000000000000009
0.541,0.553,0.01200000000000001
0.043,0.051,0.008
0.109,0.109,0.0
0.289,0.284,0.0050000000000000044
0.55,0.545,0.0050000000000000044
0.522,0.527,0.0050000000000000044
0.426,0.432,0.006000000000000005
0.911,0.919,0.008000000000000007
0.671,0.673,0.0020000000000000018
0.124,0.131,0.007000000000000006
0.696,0.701,0.0050000000000000044
0.714,0.714,0.0
0.747,0.76,0.013000000000000012
0.974,0.968,0.006000000000000005
0.22,0.218,0.0020000000000000018
0.177,0.176,0.0010000000000000009
0.764,0.764,0.0
0.286,0.284,0.0020000000000000018
0.561,0.567,0.005999999999999894
0.091,0.086,0.0050000000000000044
0.358,0.351,0.007000000000000006
0.326,0.315,0.01100000000000001
0.933,0.928,0.0050000000000000044
0.408,0.394,0.013999999999999957
0.275,0.269,0.006000000000000005
0.76,0.764,0.0040000000000000036
0.682,0.686,0.0040000000000000036
0.597,0.6,0.0030000000000000027
0.425,0.432,0.007000000000000006
0.297,0.295,0.0020000000000000018
0.066,0.062,0.0040000000000000036
0.14,0.15,0.009999999999999981
0.171,0.176,0.004999999999999977
0.228,0.228,0.0
0.993,0.989,0.0040000000000000036
0.98,0.981,0.0010000000000000009
0.505,0.508,0.0030000000000000027
0.224,0.219,0.0050000000000000044
0.428,0.427,0.0010000000000000009
0.448,0.44,0.008000000000000007
0.244,0.241,0.0030000000000000027
0.476,0.476,0.0
0.318,0.315,0.0030000000000000027
0.604,0.611,0.007000000000000006
0.16,0.166,0.006000000000000005
0.842,0.843,0.0010000000000000009
0.423,0.421,0.0020000000000000018
0.342,0.333,0.009000000000000008
0.969,0.968,0.0010000000000000009
0.027,0.026,0.0010000000000000009
0.495,0.496,0.0010000000000000009
0.541,0.541,0.0
0.589,0.6,0.01100000000000001
0.486,0.486,0.0
0.444,0.444,0.0
0.694,0.704,0.010000000000000009
0.833,0.843,0.010000000000000009
0.127,0.125,0.0020000000000000018
0.275,0.277,0.0020000000000000018
0.396,0.38,0.016000000000000014
0.589,0.591,0.0020000000000000018
0.366,0.363,0.0030000000000000027
0.505,0.508,0.0030000000000000027
0.512,0.52,0.008000000000000007
0.092,0.093,0.0010000000000000009
0.386,0.385,0.0010000000000000009
0.227,0.228,0.0010000000000000009
0.836,0.843,0.007000000000000006
0.807,0.817,0.009999999999999898
0.711,0.721,0.010000000000000009
0.654,0.663,0.009000000000000008
0.178,0.189,0.01100000000000001
0.195,0.202,0.007000000000000006
0.552,0.56,0.008000000000000007
0.138,0.143,0.004999999999999977
0.693,0.699,0.006000000000000005
0.361,0.352,0.009000000000000008
0.371,0.363,0.008000000000000007
0.321,0.31,0.01100000000000001
0.682,0.686,0.0040000000000000036
0.509,0.508,0.0010000000000000009
0.032,0.032,0.0
0.192,0.197,0.0050000000000000044
0.246,0.249,0.0030000000000000027
0.966,0.968,0.0020000000000000018
0.838,0.843,0.0050000000000000044
0.243,0.241,0.0020000000000000018
0.209,0.207,0.0020000000000000018
0.572,0.581,0.009000000000000008
0.492,0.493,0.0010000000000000009
0.676,0.681,0.0050000000000000044
0.437,0.432,0.0050000000000000044
0.925,0.924,0.0010000000000000009
0.465,0.461,0.0040000000000000036
0.071,0.07,0.000999999999999987
0.418,0.421,0.0030000000000000027
0.535,0.542,0.007000000000000006
0.747,0.752,0.0050000000000000044
0.434,0.432,0.0020000000000000018
0.58,0.582,0.0020000000000000018
0.465,0.465,0.0
0.634,0.643,0.009000000000000008
0.981,0.981,0.0
0.301,0.304,0.0030000000000000027
0.135,0.143,0.00799999999999998
0.43,0.432,0.0020000000000000018
0.567,0.575,0.008000000000000007
0.183,0.189,0.006000000000000005
0.783,0.786,0.0030000000000000027
0.796,0.804,0.008000000000000007
0.044,0.045,0.0010000000000000009
0.215,0.213,0.0020000000000000018
0.42,0.423,0.0030000000000000027
0.226,0.228,0.0020000000000000018
0.347,0.337,0.009999999999999953
0.816,0.824,0.008000000000000007
0.386,0.379,0.007000000000000006
0.421,0.412,0.009000000000000008
0.215,0.213,0.0020000000000000018
0.009,0.004,0.004999999999999999
0.317,0.311,0.006000000000000005
0.284,0.283,0.0010000000000000009
0.406,0.394,0.01200000000000001
0.614,0.622,0.008000000000000007
0.438,0.432,0.006000000000000005
0.523,0.527,0.0040000000000000036
0.947,0.944,0.0030000000000000027
0.174,0.174,0.0
0.878,0.88,0.0020000000000000018
0.927,0.917,0.010000000000000009
0.669,0.673,0.0040000000000000036
0.679,0.686,0.007000000000000006
0.72,0.724,0.0040000000000000036
0.124,0.125,0.0010000000000000009
0.858,0.867,0.009000000000000008
0.786,0.794,0.008000000000000007
0.514,0.522,0.008000000000000007
0.57,0.575,0.0050000000000000044
0.712,0.711,0.0010000000000000009
0.34,0.333,0.007000000000000006
0.693,0.7,0.007000000000000006
0.3,0.295,0.0050000000000000044
0.995,0.993,0.0020000000000000018
0.053,0.051,0.0020000000000000018
0.799,0.804,0.0050000000000000044
0.452,0.445,0.007000000000000006
0.498,0.496,0.0020000000000000018
0.222,0.219,0.0030000000000000027
0.364,0.359,0.0050000000000000044
0.284,0.282,0.0020000000000000018
0.763,0.768,0.0050000000000000044
0.757,0.76,0.0030000000000000027
0.417,0.408,0.009000000000000008
0.366,0.359,0.007000000000000006
0.67,0.673,0.0030000000000000027
0.778,0.786,0.008000000000000007
0.54,0.545,0.0050000000000000044
0.303,0.304,0.0010000000000000009
0.383,0.375,0.008000000000000007
0.952,0.956,0.0040000000000000036
0.26,0.26,0.0
0.392,0.385,0.007000000000000006
0.445,0.444,0.0010000000000000009
0.68,0.686,0.006000000000000005
0.972,0.968,0.0040000000000000036
0.037,0.036,0.0010000000000000009
0.375,0.372,0.0030000000000000027
0.97,0.968,0.0020000000000000018
0.349,0.348,0.0010000000000000009
0.636,0.631,0.0050000000000000044
0.581,0.582,0.0010000000000000009
0.235,0.228,0.0069999999999999785
0.739,0.74,0.0010000000000000009
0.427,0.427,0.0
0.996,0.996,0.0
0.518,0.52,0.0020000000000000018
0.566,0.571,0.0050000000000000044
0.045,0.047,0.0020000000000000018
0.874,0.882,0.008000000000000007
0.449,0.45,0.0010000000000000009
0.846,0.85,0.0040000000000000036
0.111,0.12,0.008999999999999994
0.52,0.52,0.0
0.805,0.817,0.0119999999999999
0.618,0.622,0.0040000000000000036
0.726,0.734,0.008000000000000007
0.305,0.304,0.0010000000000000009
0.789,0.786,0.0030000000000000027
0.346,0.348,0.0020000000000000018
0.624,0.631,0.007000000000000006
0.887,0.891,0.0040000000000000036
0.094,0.095,0.0010000000000000009
0.068,0.062,0.006000000000000005
0.39,0.385,0.0050000000000000044
0.203,0.199,0.0040000000000000036
0.009,0.014,0.005000000000000001
0.827,0.837,0.010000000000000009
0.706,0.711,0.0050000000000000044
0.868,0.874,0.006000000000000005
0.228,0.225,0.0030000000000000027
0.904,0.909,0.0050000000000000044
0.982,0.977,0.0050000000000000044
0.127,0.125,0.0020000000000000018
0.896,0.891,0.0050000000000000044
0.203,0.202,0.0010000000000000009
0.021,0.015,0.006000000000000002
0.277,0.271,0.006000000000000005
0.29,0.289,0.0010000000000000009
0.749,0.763,0.014000000000000012
0.884,0.891,0.007000000000000006
0.046,0.047,0.0010000000000000009
0.4,0.398,0.0020000000000000018
0.049,0.051,0.001999999999999995
0.036,0.041,0.0050000000000000044
0.61,0.622,0.01200000000000001
0.826,0.836,0.010000000000000009
0.628,0.631,0.0030000000000000027
0.372,0.362,0.010000000000000009
0.036,0.041,0.0050000000000000044
0.639,0.649,0.010000000000000009
0.722,0.73,0.008000000000000007
0.46,0.465,0.0050000000000000044
0.141,0.15,0.009000000000000008
0.235,0.234,0.0009999999999999731
0.642,0.645,0.0030000000000000027
0.722,0.721,0.0010000000000000009
0.053,0.054,0.0010000000000000009
0.567,0.571,0.0040000000000000036
0.77,0.771,0.0010000000000000009
0.73,0.74,0.010000000000000009
0.312,0.306,0.006000000000000005
0.639,0.645,0.006000000000000005
0.075,0.075,0.0
0.831,0.843,0.01200000000000001
0.371,0.369,0.0020000000000000018
0.843,0.854,0.01100000000000001
0.647,0.65,0.0030000000000000027
0.067,0.062,0.0050000000000000044
0.699,0.705,0.006000000000000005
0.003,0.004,0.001
0.04,0.045,0.0049999999999999975
0.676,0.682,0.006000000000000005
0.591,0.597,0.006000000000000005
0.165,0.166,0.0010000000000000009
0.611,0.613,0.0020000000000000018
0.965,0.964,0.0010000000000000009
0.658,0.663,0.0050000000000000044
0.859,0.865,0.006000000000000005
0.656,0.662,0.006000000000000005
0.374,0.372,0.0020000000000000018
0.601,0.6,0.0010000000000000009
0.962,0.968,0.006000000000000005
0.736,0.74,0.0040000000000000036
0.147,0.15,0.0030000000000000027
0.084,0.082,0.0020000000000000018
0.596,0.597,0.0010000000000000009
0.584,0.591,0.007000000000000006
0.876,0.883,0.007000000000000006
0.546,0.555,0.009000000000000008
0.735,0.741,0.006000000000000005
0.834,0.843,0.009000000000000008
0.323,0.319,0.0040000000000000036
0.813,0.82,0.007000000000000006
0.745,0.747,0.0020000000000000018
0.797,0.808,0.01100000000000001
0.844,0.85,0.006000000000000005
0.802,0.814,0.0119999999999999
0.866,0.87,0.0040000000000000036
0.938,0.928,0.009999999999999898
0.932,0.935,0.0030000000000000027
0.495,0.501,0.006000000000000005
0.309,0.306,0.0030000000000000027
0.256,0.257,0.0010000000000000009
0.98,0.977,0.0030000000000000027
0.635,0.645,0.010000000000000009
0.549,0.567,0.017999999999999905
0.898,0.9,0.0020000000000000018
0.378,0.372,0.006000000000000005
0.412,0.408,0.0040000000000000036
0.992,0.989,0.0030000000000000027
0.663,0.663,0.0
0.323,0.315,0.008000000000000007
0.326,0.319,0.007000000000000006
0.947,0.953,0.006000000000000005
0.861,0.859,0.0020000000000000018
0.723,0.73,0.007000000000000006
0.431,0.432,0.0010000000000000009
0.107,0.104,0.0030000000000000027
0.039,0.041,0.0020000000000000018
0.814,0.826,0.01200000000000001
0.218,0.219,0.0010000000000000009
0.307,0.301,0.006000000000000005
0.117,0.11,0.007000000000000006
0.288,0.282,0.006000000000000005
0.875,0.878,0.0030000000000000027
0.943,0.939,0.0040000000000000036
0.733,0.734,0.0010000000000000009
0.483,0.479,0.0040000000000000036
0.302,0.304,0.0020000000000000018
0.567,0.571,0.0040000000000000036
0.315,0.315,0.0
0.493,0.488,0.0050000000000000044
0.106,0.11,0.0040000000000000036
0.802,0.804,0.0020000000000000018
0.87,0.878,0.008000000000000007
0.087,0.086,0.0010000000000000009
0.091,0.093,0.0020000000000000018
0.97,0.972,0.0020000000000000018
0.804,0.824,0.019999999999999907
0.548,0.555,0.007000000000000006
0.758,0.764,0.006000000000000005
0.633,0.639,0.006000000000000005
0.727,0.73,0.0030000000000000027
0.218,0.219,0.0010000000000000009
0.775,0.786,0.01100000000000001
0.515,0.517,0.0020000000000000018
0.17,0.169,0.0010000000000000009
0.348,0.339,0.008999999999999952
0.377,0.37,0.007000000000000006
0.402,0.4,0.0020000000000000018
0.583,0.587,0.0040000000000000036
0.035,0.036,0.000999999999999994
0.279,0.278,0.0010000000000000009
0.911,0.909,0.0020000000000000018
0.214,0.213,0.0010000000000000009
0.741,0.747,0.006000000000000005
0.395,0.394,0.0010000000000000009
0.966,0.968,0.0020000000000000018
0.388,0.385,0.0030000000000000027
0.058,0.062,0.003999999999999997
0.239,0.234,0.004999999999999977
0.214,0.213,0.0010000000000000009
0.718,0.721,0.0030000000000000027
0.899,0.897,0.0020000000000000018
0.472,0.474,0.0020000000000000018
0.123,0.12,0.0030000000000000027
0.079,0.085,0.006000000000000005
0.697,0.704,0.007000000000000006
0.982,0.981,0.0010000000000000009
0.343,0.346,0.002999999999999947
0.146,0.15,0.0040000000000000036
0.542,0.553,0.01100000000000001
0.163,0.169,0.006000000000000005
0.636,0.65,0.014000000000000012
0.91,0.915,0.0050000000000000044
0.714,0.722,0.008000000000000007
0.105,0.11,0.0050000000000000044
0.579,0.582,0.0030000000000000027
0.362,0.352,0.010000000000000009
0.193,0.197,0.0040000000000000036
0.754,0.763,0.009000000000000008
0.991,0.986,0.0050000000000000044
0.859,0.854,0.0050000000000000044
0.045,0.047,0.0020000000000000018
0.188,0.19,0.0020000000000000018
0.533,0.535,0.0020000000000000018
0.525,0.527,0.0020000000000000018
0.272,0.273,0.0010000000000000009
0.854,0.854,0.0
0.951,0.956,0.0050000000000000044
0.792,0.788,0.0040000000000000036
0.012,0.014,0.002
0.123,0.131,0.008000000000000007
0.264,0.26,0.0040000000000000036
0.045,0.047,0.0020000000000000018
0.223,0.219,0.0040000000000000036
0.853,0.854,0.0010000000000000009
0.093,0.088,0.0050000000000000044
0.146,0.15,0.0040000000000000036
0.408,0.408,0.0
0.504,0.496,0.008000000000000007
0.603,0.608,0.0050000000000000044
0.247,0.244,0.0030000000000000027
0.394,0.393,0.0010000000000000009
0.006,0.015,0.009
0.351,0.344,0.007000000000000006
0.055,0.062,0.006999999999999999
0.041,0.045,0.003999999999999997
0.592,0.6,0.008000000000000007
0.071,0.07,0.000999999999999987
0.753,0.757,0.0040000000000000036
0.687,0.692,0.004999999999999893
0.563,0.567,0.0040000000000000036
0.302,0.295,0.007000000000000006
0.346,0.337,0.008999999999999952
0.155,0.159,0.0040000000000000036
0.505,0.508,0.0030000000000000027
0.076,0.081,0.0050000000000000044
0.183,0.183,0.0
0.598,0.6,0.0020000000000000018
0.949,0.944,0.0050000000000000044
0.991,0.989,0.0020000000000000018
0.387,0.379,0.008000000000000007
0.253,0.251,0.0020000000000000018
0.659,0.663,0.0040000000000000036
0.517,0.52,0.0030000000000000027
0.268,0.264,0.0040000000000000036
0.964,0.956,0.008000000000000007
0.863,0.87,0.007000000000000006
0.973,0.977,0.0040000000000000036
0.281,0.277,0.0040000000000000036
0.137,0.143,0.005999999999999978
0.15,0.15,0.0
0.471,0.474,0.0030000000000000027
0.666,0.673,0.007000000000000006
0.095,0.099,0.0040000000000000036
0.617,0.62,0.0030000000000000027
0.692,0.701,0.009000000000000008
0.216,0.213,0.0030000000000000027
0.76,0.771,0.01100000000000001
0.959,0.956,0.0030000000000000027
0.955,0.953,0.0020000000000000018
0.288,0.284,0.0040000000000000036
0.388,0.38,0.008000000000000007
0.909,0.904,0.0050000000000000044
0.497,0.488,0.009000000000000008
0.838,0.844,0.006000000000000005
0.855,0.859,0.0040000000000000036
0.861,0.865,0.0040000000000000036
0.044,0.045,0.0010000000000000009
0.552,0.571,0.018999999999999906
0.335,0.333,0.0020000000000000018
0.709,0.721,0.01200000000000001
0.291,0.287,0.0040000000000000036
0.757,0.76,0.0030000000000000027
0.112,0.109,0.0030000000000000027
0.794,0.804,0.010000000000000009
0.13,0.131,0.0010000000000000009
0.119,0.12,0.0010000000000000009
0.324,0.315,0.009000000000000008
0.44,0.438,0.0020000000000000018
0.949,0.952,0.0030000000000000027
0.906,0.905,0.0010000000000000009
0.987,0.993,0.006000000000000005
0.596,0.608,0.01200000000000001
0.432,0.432,0.0
0.227,0.228,0.0010000000000000009
0.319,0.319,0.0
0.429,0.427,0.0020000000000000018
0.33,0.326,0.0040000000000000036
0.405,0.394,0.01100000000000001
0.889,0.891,0.0020000000000000018
0.492,0.488,0.0040000000000000036
0.358,0.352,0.006000000000000005
0.388,0.383,0.0050000000000000044
0.013,0.02,0.007000000000000001
0.988,0.981,0.007000000000000006
0.664,0.673,0.009000000000000008
0.529,0.541,0.01200000000000001
0.812,0.822,0.009999999999999898
0.81,0.814,0.0039999999999998925
0.564,0.575,0.01100000000000001
0.538,0.541,0.0030000000000000027
0.518,0.516,0.0020000000000000018
0.154,0.159,0.0050000000000000044
0.82,0.83,0.010000000000000009
0.793,0.796,0.0030000000000000027
0.521,0.527,0.006000000000000005
0.487,0.486,0.0010000000000000009
0.869,0.878,0.009000000000000008
0.577,0.587,0.010000000000000009
0.217,0.219,0.0020000000000000018
0.53,0.535,0.0050000000000000044
0.665,0.673,0.008000000000000007
0.634,0.645,0.01100000000000001
0.952,0.954,0.0020000000000000018
0.937,0.943,0.005999999999999894
0.71,0.716,0.006000000000000005
0.097,0.097,0.0
0.943,0.944,0.0010000000000000009
0.484,0.486,0.0020000000000000018
0.344,0.341,0.002999999999999947
0.054,0.056,0.0020000000000000018
0.078,0.076,0.0020000000000000018
0.267,0.26,0.007000000000000006
0.379,0.371,0.008000000000000007
0.839,0.843,0.0040000000000000036
0.369,0.362,0.007000000000000006
0.828,0.843,0.015000000000000013
0.811,0.824,0.0129999999999999
0.832,0.836,0.0040000000000000036
0.806,0.813,0.006999999999999895
0.82,0.834,0.014000000000000012
0.887,0.883,0.0040000000000000036
0.164,0.166,0.0020000000000000018
0.293,0.284,0.009000000000000008
0.531,0.535,0.0040000000000000036
0.207,0.213,0.006000000000000005
0.786,0.794,0.008000000000000007
0.519,0.517,0.0020000000000000018
0.087,0.086,0.0010000000000000009
0.215,0.213,0.0020000000000000018
0.655,0.663,0.008000000000000007
0.435,0.435,0.0
0.901,0.905,0.0040000000000000036
0.334,0.326,0.008000000000000007
0.435,0.435,0.0
0.933,0.934,0.0010000000000000009
0.226,0.224,0.0020000000000000018
0.148,0.15,0.0020000000000000018
0.935,0.932,0.0030000000000000027
0.931,0.935,0.0040000000000000036
0.128,0.131,0.0030000000000000027
0.808,0.814,0.005999999999999894
0.262,0.26,0.0020000000000000018
0.112,0.105,0.007000000000000006
0.672,0.673,0.0010000000000000009
0.033,0.036,0.0029999999999999957
0.073,0.076,0.0030000000000000027
0.035,0.041,0.005999999999999998
0.413,0.412,0.0010000000000000009
0.998,0.989,0.009000000000000008
0.7,0.704,0.0040000000000000036
0.853,0.854,0.0010000000000000009
0.056,0.056,0.0
0.019,0.02,0.0010000000000000009
0.134,0.138,0.0040000000000000036
0.684,0.686,0.0020000000000000018
0.83,0.832,0.0020000000000000018
0.887,0.891,0.0040000000000000036
0.201,0.206,0.004999999999999977
0.319,0.319,0.0
0.004,0.007,0.003
0.557,0.56,0.0030000000000000027
0.713,0.711,0.0020000000000000018
0.679,0.686,0.007000000000000006
0.142,0.15,0.008000000000000007
0.415,0.408,0.007000000000000006
0.396,0.383,0.013000000000000012
0.53,0.527,0.0030000000000000027
0.561,0.567,0.005999999999999894
0.397,0.38,0.017000000000000015
0.632,0.639,0.007000000000000006
0.386,0.379,0.007000000000000006
0.152,0.159,0.007000000000000006
0.453,0.449,0.0040000000000000036
0.922,0.919,0.0030000000000000027
0.054,0.056,0.0020000000000000018
0.559,0.567,0.007999999999999896
0.895,0.897,0.0020000000000000018
0.304,0.305,0.0010000000000000009
0.634,0.637,0.0030000000000000027
0.1,0.099,0.0010000000000000009
0.321,0.319,0.0020000000000000018
0.758,0.764,0.006000000000000005
0.954,0.956,0.0020000000000000018
0.455,0.449,0.006000000000000005
0.773,0.771,0.0020000000000000018
0.687,0.692,0.004999999999999893
0.482,0.486,0.0040000000000000036
0.537,0.545,0.008000000000000007
0.15,0.15,0.0
0.753,0.752,0.0010000000000000009
0.461,0.465,0.0040000000000000036
0.96,0.959,0.0010000000000000009
0.163,0.166,0.0030000000000000027
0.468,0.467,0.0010000000000000009
0.424,0.427,0.0030000000000000027
0.892,0.891,0.0010000000000000009
0.681,0.681,0.0
0.458,0.449,0.009000000000000008
0.125,0.12,0.0050000000000000044
0.281,0.282,0.0009999999999999454
0.487,0.486,0.0010000000000000009
0.184,0.189,0.0050000000000000044
0.934,0.935,0.0010000000000000009
0.181,0.183,0.0020000000000000018
0.793,0.796,0.0030000000000000027
0.102,0.099,0.002999999999999989
0.059,0.056,0.0029999999999999957
0.868,0.867,0.0010000000000000009
0.106,0.105,0.0010000000000000009
0.384,0.379,0.0050000000000000044
0.737,0.741,0.0040000000000000036
0.96,0.968,0.008000000000000007
0.413,0.408,0.0050000000000000044
0.129,0.131,0.0020000000000000018
0.279,0.283,0.003999999999999948
0.697,0.699,0.0020000000000000018
0.384,0.38,0.0040000000000000036
0.592,0.597,0.0050000000000000044
0.55,0.553,0.0030000000000000027
0.663,0.663,0.0
0.513,0.517,0.0040000000000000036
0.167,0.169,0.0020000000000000018
0.701,0.716,0.015000000000000013
0.122,0.129,0.007000000000000006
0.783,0.794,0.01100000000000001
0.182,0.183,0.0010000000000000009
0.321,0.314,0.007000000000000006
0.442,0.444,0.0020000000000000018
0.877,0.878,0.0010000000000000009
0.568,0.571,0.0030000000000000027
0.628,0.631,0.0030000000000000027
0.204,0.207,0.0030000000000000027
0.022,0.014,0.007999999999999998
0.115,0.115,0.0
0.529,0.535,0.006000000000000005
0.746,0.752,0.006000000000000005
0.711,0.711,0.0
0.68,0.679,0.0010000000000000009
0.94,0.943,0.0030000000000000027
0.865,0.87,0.0050000000000000044
0.599,0.6,0.0010000000000000009
0.238,0.241,0.0030000000000000027
0.478,0.478,0.0
0.141,0.143,0.0020000000000000018
0.926,0.928,0.0020000000000000018
0.984,0.981,0.0030000000000000027
0.548,0.553,0.0050000000000000044
0.147,0.15,0.0030000000000000027
0.767,0.778,0.01100000000000001
0.06,0.062,0.0020000000000000018
0.229,0.228,0.0010000000000000009
0.207,0.208,0.0010000000000000009
0.967,0.964,0.0030000000000000027
0.004,0.009,0.004999999999999999
0.776,0.778,0.0020000000000000018
0.467,0.464,0.0030000000000000027
0.827,0.836,0.009000000000000008
0.798,0.804,0.006000000000000005
0.725,0.73,0.0050000000000000044
0.254,0.244,0.010000000000000009
0.648,0.65,0.0020000000000000018
0.126,0.131,0.0050000000000000044
0.165,0.171,0.006000000000000005
0.001,0.999,0.0020000000000000018
0.503,0.501,0.0020000000000000018
0.121,0.112,0.008999999999999994
0.175,0.176,0.0010000000000000009
0.419,0.412,0.007000000000000006
0.179,0.183,0.0040000000000000036
0.692,0.699,0.007000000000000006
0.32,0.315,0.0050000000000000044
0.514,0.517,0.0030000000000000027
0.612,0.617,0.0050000000000000044
0.074,0.07,0.00399999999999999
0.972,0.981,0.009000000000000008
0.467,0.465,0.0020000000000000018
0.063,0.062,0.0010000000000000009
0.856,0.867,0.01100000000000001
0.508,0.508,0.0
0.443,0.445,0.0020000000000000018
0.328,0.319,0.009000000000000008
0.779,0.786,0.007000000000000006
0.21,0.213,0.0030000000000000027
0.544,0.547,0.0030000000000000027
0.496,0.496,0.0
0.113,0.106,0.007000000000000006
0.284,0.278,0.00599999999999995
0.266,0.264,0.0020000000000000018
0.59,0.587,0.0030000000000000027
0.189,0.191,0.0020000000000000018
0.023,0.033,0.010000000000000002
0.125,0.12,0.0050000000000000044
0.393,0.394,0.0010000000000000009
0.155,0.159,0.0040000000000000036
0.536,0.535,0.0010000000000000009
0.211,0.213,0.0020000000000000018
0.13,0.131,0.0010000000000000009
0.586,0.591,0.0050000000000000044
0.886,0.883,0.0030000000000000027
0.852,0.854,0.0020000000000000018
0.457,0.45,0.007000000000000006
0.701,0.701,0.0
0.629,0.628,0.0010000000000000009
0.267,0.264,0.0030000000000000027
0.141,0.15,0.009000000000000008
0.263,0.257,0.006000000000000005
0.918,0.915,0.0030000000000000027
0.432,0.432,0.0
0.022,0.026,0.004
0.668,0.673,0.0050000000000000044
0.51,0.522,0.01200000000000001
0.448,0.445,0.0030000000000000027
0.657,0.663,0.006000000000000005
0.844,0.85,0.006000000000000005
0.021,0.026,0.0049999999999999975
0.904,0.905,0.0010000000000000009
0.843,0.844,0.0010000000000000009
0.134,0.15,0.015999999999999986
0.836,0.843,0.007000000000000006
0.12,0.12,0.0
0.16,0.166,0.006000000000000005
0.885,0.891,0.006000000000000005
0.625,0.628,0.0030000000000000027
0.607,0.613,0.006000000000000005
0.703,0.707,0.0040000000000000036
0.523,0.535,0.01200000000000001
0.084,0.085,0.0010000000000000009
0.206,0.207,0.0010000000000000009
0.829,0.838,0.009000000000000008
0.047,0.049,0.0020000000000000018
0.572,0.581,0.009000000000000008
0.602,0.611,0.009000000000000008
0.675,0.673,0.0020000000000000018
0.512,0.517,0.0050000000000000044
0.313,0.309,0.0040000000000000036
0.508,0.511,0.0030000000000000027
0.047,0.051,0.003999999999999997
0.905,0.905,0.0
0.381,0.375,0.006000000000000005
0.883,0.891,0.008000000000000007
0.911,0.919,0.008000000000000007
0.26,0.26,0.0
0.066,0.07,0.0040000000000000036
0.792,0.794,0.0020000000000000018
0.831,0.836,0.0050000000000000044
0.337,0.326,0.01100000000000001
0.575,0.581,0.006000000000000005
0.724,0.734,0.010000000000000009
0.097,0.095,0.0020000000000000018
0.132,0.143,0.010999999999999982
0.905,0.905,0.0
0.713,0.716,0.0030000000000000027
0.987,0.987,0.0
0.052,0.062,0.010000000000000002
0.957,0.964,0.007000000000000006
0.7,0.711,0.01100000000000001
0.447,0.445,0.0020000000000000018
0.039,0.045,0.005999999999999998
0.233,0.228,0.0050000000000000044
0.788,0.794,0.006000000000000005
0.473,0.479,0.006000000000000005
0.469,0.469,0.0
0.456,0.456,0.0
0.899,0.909,0.010000000000000009
0.577,0.587,0.010000000000000009
0.153,0.159,0.006000000000000005
0.832,0.843,0.01100000000000001
0.274,0.271,0.0030000000000000027
0.449,0.445,0.0040000000000000036
0.748,0.747,0.0010000000000000009
0.641,0.645,0.0040000000000000036
0.367,0.363,0.0040000000000000036
0.759,0.764,0.0050000000000000044
0.587,0.597,0.010000000000000009
0.971,0.97,0.0010000000000000009
0.659,0.663,0.0040000000000000036
0.623,0.622,0.0010000000000000009
0.88,0.883,0.0030000000000000027
0.477,0.478,0.0010000000000000009
0.03,0.032,0.0020000000000000018
0.237,0.241,0.0040000000000000036
0.006,0.007,0.001
0.442,0.445,0.0030000000000000027
0.129,0.131,0.0020000000000000018
0.318,0.315,0.0030000000000000027
0.646,0.663,0.017000000000000015
0.436,0.432,0.0040000000000000036
0.171,0.166,0.0050000000000000044
0.345,0.341,0.003999999999999948
0.503,0.508,0.0050000000000000044
0.999,0.002,0.0030000000000000027
0.5,0.501,0.0010000000000000009
0.867,0.867,0.0
0.062,0.062,0.0
0.441,0.439,0.0020000000000000018
0.131,0.131,0.0
0.959,0.957,0.0020000000000000018
0.918,0.917,0.0010000000000000009
0.688,0.699,0.01100000000000001
0.818,0.826,0.008000000000000007
0.707,0.711,0.0040000000000000036
0.827,0.836,0.009000000000000008
0.623,0.628,0.0050000000000000044
0.082,0.081,0.0010000000000000009
0.252,0.251,0.0010000000000000009
0.849,0.858,0.009000000000000008
0.474,0.469,0.0050000000000000044
0.684,0.686,0.0020000000000000018
0.85,0.854,0.0040000000000000036
0.848,0.85,0.0020000000000000018
0.973,0.968,0.0050000000000000044
0.404,0.397,0.007000000000000006
0.303,0.304,0.0010000000000000009
0.668,0.673,0.0050000000000000044
0.054,0.056,0.0020000000000000018
0.225,0.219,0.006000000000000005
0.968,0.968,0.0
0.624,0.628,0.0040000000000000036
0.858,0.87,0.01200000000000001
0.996,0.996,0.0
0.419,0.412,0.007000000000000006
0.237,0.241,0.0040000000000000036
0.145,0.15,0.0050000000000000044
0.199,0.199,0.0
0.334,0.326,0.008000000000000007
0.897,0.897,0.0
0.331,0.322,0.009000000000000008
0.535,0.535,0.0
0.107,0.102,0.0050000000000000044
0.499,0.501,0.0020000000000000018
0.466,0.469,0.002999999999999947
0.0,0.004,0.004
0.007,0.02,0.013000000000000001
0.133,0.131,0.0020000000000000018
0.219,0.213,0.006000000000000005
0.932,0.928,0.0040000000000000036
0.706,0.711,0.0050000000000000044
0.651,0.65,0.0010000000000000009
0.719,0.722,0.0030000000000000027
0.586,0.591,0.0050000000000000044
0.142,0.145,0.0030000000000000027
0.815,0.817,0.0020000000000000018
0.613,0.62,0.007000000000000006
0.201,0.207,0.005999999999999978
0.357,0.352,0.0050000000000000044
0.255,0.252,0.0030000000000000027
0.128,0.131,0.0030000000000000027
0.751,0.747,0.0040000000000000036
0.802,0.813,0.010999999999999899
0.648,0.65,0.0020000000000000018
0.708,0.711,0.0030000000000000027
0.952,0.945,0.007000000000000006
0.832,0.843,0.01100000000000001
0.44,0.44,0.0
0.03,0.026,0.004
0.879,0.883,0.0040000000000000036
0.308,0.304,0.0040000000000000036
0.973,0.972,0.0010000000000000009
0.081,0.086,0.0049999999999999906
0.189,0.19,0.0010000000000000009
0.416,0.416,0.0
0.517,0.527,0.010000000000000009
0.521,0.522,0.0010000000000000009
0.667,0.673,0.006000000000000005
0.912,0.915,0.0030000000000000027
0.855,0.865,0.010000000000000009
0.327,0.322,0.0050000000000000044
0.901,0.891,0.010000000000000009
0.957,0.957,0.0
0.732,0.734,0.0020000000000000018
0.473,0.474,0.0010000000000000009
0.506,0.508,0.0020000000000000018
0.03,0.036,0.005999999999999998
0.194,0.198,0.0040000000000000036
0.387,0.379,0.008000000000000007
0.133,0.131,0.0020000000000000018
0.905,0.905,0.0
0.401,0.394,0.007000000000000006
0.411,0.408,0.0030000000000000027
0.748,0.757,0.009000000000000008
0.822,0.83,0.008000000000000007
0.355,0.348,0.007000000000000006
0.109,0.105,0.0040000000000000036
0.389,0.383,0.006000000000000005
0.425,0.427,0.0020000000000000018
0.151,0.159,0.008000000000000007
0.38,0.378,0.0020000000000000018
0.073,0.075,0.0020000000000000018
0.48,0.48,0.0
0.607,0.611,0.0040000000000000036
0.833,0.834,0.0010000000000000009
0.612,0.616,0.0040000000000000036
0.035,0.036,0.000999999999999994
0.842,0.843,0.0010000000000000009
0.043,0.045,0.0020000000000000018
0.452,0.445,0.007000000000000006
0.893,0.891,0.0020000000000000018
0.761,0.771,0.010000000000000009
0.313,0.306,0.007000000000000006
0.913,0.911,0.0020000000000000018
0.101,0.095,0.006000000000000005
0.571,0.575,0.0040000000000000036
0.727,0.734,0.007000000000000006
0.122,0.125,0.0030000000000000027
0.52,0.527,0.007000000000000006
0.529,0.535,0.006000000000000005
0.606,0.604,0.0020000000000000018
0.559,0.567,0.007999999999999896
0.114,0.117,0.0030000000000000027
0.343,0.337,0.006000000000000005
0.872,0.878,0.006000000000000005
0.807,0.822,0.014999999999999902
0.609,0.611,0.0020000000000000018
0.622,0.628,0.006000000000000005
0.143,0.143,0.0
0.443,0.44,0.0030000000000000027
0.731,0.741,0.010000000000000009
0.35,0.348,0.0020000000000000018
0.744,0.752,0.008000000000000007
0.964,0.968,0.0040000000000000036
0.213,0.213,0.0
0.889,0.891,0.0020000000000000018
0.714,0.714,0.0
0.715,0.716,0.0010000000000000009
0.133,0.133,0.0
0.145,0.15,0.0050000000000000044
0.1,0.101,0.0010000000000000009
0.607,0.616,0.009000000000000008
0.231,0.232,0.0010000000000000009
0.393,0.387,0.006000000000000005
0.498,0.501,0.0030000000000000027
0.266,0.264,0.0020000000000000018
0.56,0.567,0.006999999999999895
0.647,0.65,0.0030000000000000027
0.665,0.663,0.0020000000000000018
0.231,0.229,0.0020000000000000018
0.65,0.653,0.0030000000000000027
0.247,0.244,0.0030000000000000027
0.37,0.362,0.008000000000000007
0.844,0.854,0.010000000000000009
0.379,0.375,0.0040000000000000036
0.765,0.771,0.006000000000000005
0.462,0.449,0.013000000000000012
0.824,0.836,0.01200000000000001
0.364,0.352,0.01200000000000001
0.845,0.844,0.0010000000000000009
0.813,0.824,0.01100000000000001
0.877,0.88,0.0030000000000000027
0.531,0.535,0.0040000000000000036
0.909,0.905,0.0040000000000000036
0.811,0.822,0.010999999999999899
0.65,0.655,0.0050000000000000044
0.703,0.706,0.0030000000000000027
0.306,0.295,0.01100000000000001
0.298,0.295,0.0030000000000000027
0.685,0.681,0.0040000000000000036
0.409,0.397,0.011999999999999955
0.161,0.166,0.0050000000000000044
0.459,0.458,0.0010000000000000009
0.652,0.66,0.008000000000000007
0.704,0.711,0.007000000000000006
0.311,0.309,0.0020000000000000018
0.334,0.326,0.008000000000000007
0.102,0.101,0.000999999999999987
0.903,0.909,0.006000000000000005
0.893,0.891,0.0020000000000000018
0.754,0.76,0.006000000000000005
0.264,0.264,0.0
0.674,0.681,0.007000000000000006
0.221,0.219,0.0020000000000000018
0.307,0.304,0.0030000000000000027
0.873,0.874,0.0010000000000000009
0.782,0.794,0.01200000000000001
0.051,0.056,0.0050000000000000044
0.57,0.575,0.0050000000000000044
0.837,0.843,0.006000000000000005
0.463,0.467,0.0040000000000000036
0.038,0.036,0.0020000000000000018
0.671,0.673,0.0020000000000000018
0.005,0.007,0.002
0.956,0.965,0.009000000000000008
0.925,0.919,0.006000000000000005
0.126,0.12,0.006000000000000005
0.606,0.611,0.0050000000000000044
0.605,0.611,0.006000000000000005
0.354,0.352,0.0020000000000000018
0.048,0.051,0.0029999999999999957
0.599,0.6,0.0010000000000000009
0.304,0.295,0.009000000000000008
0.316,0.314,0.0020000000000000018
0.526,0.535,0.009000000000000008
0.193,0.191,0.0020000000000000018
0.353,0.351,0.0020000000000000018
0.229,0.232,0.0030000000000000027
0.506,0.508,0.0020000000000000018
0.075,0.07,0.0049999999999999906
0.069,0.07,0.0010000000000000009
0.143,0.15,0.007000000000000006
0.025,0.026,0.0009999999999999974
0.946,0.944,0.0020000000000000018
0.761,0.76,0.0010000000000000009
0.66,0.663,0.0030000000000000027
0.76,0.764,0.0040000000000000036
0.771,0.786,0.015000000000000013
0.94,0.943,0.0030000000000000027
0.376,0.372,0.0040000000000000036
0.466,0.465,0.0010000000000000009
0.908,0.909,0.0010000000000000009
0.606,0.611,0.0050000000000000044
0.914,0.915,0.0010000000000000009
0.232,0.229,0.0030000000000000027
0.151,0.159,0.008000000000000007
0.295,0.295,0.0
0.874,0.878,0.0040000000000000036
0.66,0.663,0.0030000000000000027
0.601,0.611,0.010000000000000009
0.726,0.727,0.0010000000000000009
0.958,0.962,0.0040000000000000036
0.057,0.062,0.0049999999999999975
0.852,0.858,0.006000000000000005
0.42,0.416,0.0040000000000000036
0.736,0.734,0.0020000000000000018
0.813,0.82,0.007000000000000006
0.301,0.295,0.006000000000000005
0.086,0.086,0.0
0.02,0.02,0.0
0.447,0.444,0.0030000000000000027
0.139,0.143,0.003999999999999976
0.86,0.865,0.0050000000000000044
0.475,0.479,0.0040000000000000036
0.736,0.738,0.0020000000000000018
0.767,0.768,0.0010000000000000009
0.888,0.891,0.0030000000000000027
0.925,0.924,0.0010000000000000009
0.269,0.264,0.0050000000000000044
0.926,0.917,0.009000000000000008
0.089,0.088,0.0010000000000000009
0.892,0.891,0.0010000000000000009
0.078,0.075,0.0030000000000000027
0.882,0.883,0.0010000000000000009
0.345,0.341,0.003999999999999948
0.3,0.289,0.01100000000000001
0.779,0.786,0.007000000000000006
0.179,0.183,0.0040000000000000036
0.938,0.939,0.0010000000000000009
0.373,0.371,0.0020000000000000018
0.325,0.315,0.010000000000000009
0.465,0.461,0.0040000000000000036
0.195,0.198,0.0030000000000000027
0.544,0.553,0.009000000000000008
0.5,0.501,0.0010000000000000009
0.427,0.432,0.0050000000000000044
0.461,0.461,0.0
0.766,0.771,0.0050000000000000044
0.829,0.836,0.007000000000000006
0.702,0.704,0.0020000000000000018
0.015,0.02,0.005000000000000001
0.791,0.796,0.0050000000000000044
0.239,0.241,0.0020000000000000018
0.389,0.38,0.009000000000000008
0.856,0.859,0.0030000000000000027
0.189,0.198,0.009000000000000008
0.408,0.403,0.004999999999999949
0.974,0.968,0.006000000000000005
0.603,0.608,0.0050000000000000044
0.291,0.29,0.0010000000000000009
0.246,0.249,0.0030000000000000027
0.064,0.062,0.0020000000000000018
0.848,0.854,0.006000000000000005
0.158,0.159,0.0010000000000000009
0.029,0.026,0.0030000000000000027
0.579,0.587,0.008000000000000007
0.172,0.171,0.0009999999999999731
0.132,0.112,0.020000000000000004
0.151,0.15,0.0010000000000000009
0.641,0.645,0.0040000000000000036
0.588,0.587,0.0010000000000000009
0.942,0.944,0.0020000000000000018
0.445,0.444,0.0010000000000000009
0.092,0.095,0.0030000000000000027
0.812,0.817,0.004999999999999893
0.524,0.53,0.006000000000000005
0.728,0.727,0.0010000000000000009
0.198,0.202,0.0040000000000000036
0.756,0.771,0.015000000000000013
0.89,0.891,0.0010000000000000009
0.463,0.458,0.0050000000000000044
0.2,0.202,0.0020000000000000018
0.257,0.257,0.0
0.496,0.495,0.0010000000000000009
0.994,0.983,0.01100000000000001
0.368,0.359,0.009000000000000008
0.348,0.344,0.0040000000000000036
0.103,0.104,0.0010000000000000009
0.433,0.432,0.0010000000000000009
0.118,0.12,0.0020000000000000018
0.233,0.234,0.0010000000000000009
0.562,0.567,0.004999999999999893
0.172,0.176,0.0040000000000000036
0.191,0.19,0.0010000000000000009
0.369,0.363,0.006000000000000005
0.0,0.009,0.009
0.821,0.826,0.0050000000000000044
0.081,0.081,0.0
0.156,0.159,0.0030000000000000027
0.434,0.438,0.0040000000000000036
0.295,0.284,0.01100000000000001
0.955,0.964,0.009000000000000008
0.144,0.15,0.006000000000000005
0.93,0.935,0.0050000000000000044
0.093,0.085,0.007999999999999993
0.248,0.249,0.0010000000000000009
0.166,0.166,0.0
0.582,0.582,0.0
0.378,0.378,0.0
0.527,0.527,0.0
0.551,0.555,0.0040000000000000036
0.177,0.183,0.006000000000000005
0.565,0.567,0.0020000000000000018
0.404,0.403,0.0010000000000000009
0.752,0.757,0.0050000000000000044
0.176,0.183,0.007000000000000006
0.262,0.257,0.0050000000000000044
0.187,0.19,0.0030000000000000027
0.775,0.786,0.01100000000000001
0.414,0.408,0.006000000000000005
0.186,0.189,0.0030000000000000027
0.062,0.062,0.0
0.604,0.611,0.007000000000000006
0.776,0.786,0.010000000000000009
0.983,0.981,0.0020000000000000018
0.024,0.026,0.0019999999999999983
0.303,0.295,0.008000000000000007
0.084,0.082,0.0020000000000000018
0.983,0.981,0.0020000000000000018
0.787,0.786,0.0010000000000000009
0.849,0.854,0.0050000000000000044
0.439,0.437,0.0020000000000000018
0.029,0.036,0.006999999999999996
0.09,0.085,0.0049999999999999906
0.22,0.219,0.0010000000000000009
0.879,0.883,0.0040000000000000036
0.851,0.854,0.0030000000000000027
0.863,0.867,0.0040000000000000036
0.136,0.143,0.0069999999999999785
0.351,0.346,0.0050000000000000044
0.784,0.783,0.0010000000000000009
0.903,0.905,0.0020000000000000018
0.28,0.277,0.0030000000000000027
0.257,0.257,0.0
0.46,0.456,0.0040000000000000036
0.716,0.721,0.0050000000000000044
0.419,0.416,0.0030000000000000027
0.407,0.404,0.002999999999999947
0.111,0.11,0.0010000000000000009
0.096,0.097,0.0010000000000000009
0.839,0.85,0.01100000000000001
0.77,0.771,0.0010000000000000009
0.943,0.934,0.008999999999999897
0.032,0.036,0.003999999999999997
0.373,0.363,0.010000000000000009
0.521,0.527,0.006000000000000005
0.556,0.567,0.010999999999999899
0.288,0.283,0.0050000000000000044
0.445,0.438,0.007000000000000006
0.476,0.479,0.0030000000000000027
0.304,0.304,0.0
0.45,0.445,0.0050000000000000044
0.031,0.032,0.0010000000000000009
0.572,0.581,0.009000000000000008
0.061,0.062,0.0010000000000000009
0.995,0.999,0.0040000000000000036
0.734,0.747,0.013000000000000012
0.54,0.535,0.0050000000000000044
0.444,0.445,0.0010000000000000009
0.458,0.458,0.0
0.053,0.056,0.0030000000000000027
0.825,0.837,0.01200000000000001
0.204,0.199,0.004999999999999977
0.91,0.905,0.0050000000000000044
0.276,0.273,0.0030000000000000027
0.699,0.711,0.01200000000000001
0.299,0.305,0.006000000000000005
0.146,0.15,0.0040000000000000036
0.077,0.076,0.0010000000000000009
0.764,0.768,0.0040000000000000036
0.776,0.778,0.0020000000000000018
0.591,0.6,0.009000000000000008
0.847,0.85,0.0030000000000000027
0.982,0.981,0.0010000000000000009
0.604,0.611,0.007000000000000006
0.059,0.062,0.0030000000000000027
0.367,0.362,0.0050000000000000044
0.009,0.014,0.005000000000000001
0.015,0.02,0.005000000000000001
0.405,0.399,0.006000000000000005
0.791,0.804,0.013000000000000012
0.59,0.591,0.0010000000000000009
0.797,0.812,0.015000000000000013
0.875,0.874,0.0010000000000000009
0.105,0.097,0.007999999999999993
0.598,0.597,0.0010000000000000009
0.716,0.724,0.008000000000000007
0.564,0.567,0.0030000000000000027
0.299,0.287,0.01200000000000001
0.42,0.421,0.0010000000000000009
0.227,0.232,0.0050000000000000044
0.153,0.159,0.006000000000000005
0.402,0.394,0.008000000000000007
0.741,0.747,0.006000000000000005
0.631,0.639,0.008000000000000007
0.36,0.359,0.0010000000000000009
0.193,0.183,0.010000000000000009
0.031,0.032,0.0010000000000000009
0.136,0.139,0.0030000000000000027
0.741,0.741,0.0
0.327,0.326,0.0010000000000000009
0.479,0.474,0.0050000000000000044
0.305,0.305,0.0
0.469,0.464,0.004999999999999949
0.583,0.587,0.0040000000000000036
0.423,0.421,0.0020000000000000018
0.533,0.545,0.01200000000000001
0.576,0.575,0.0010000000000000009
0.537,0.535,0.0020000000000000018
0.265,0.264,0.0010000000000000009
0.464,0.461,0.0030000000000000027
0.115,0.12,0.0049999999999999906
0.755,0.757,0.0020000000000000018
0.706,0.711,0.0050000000000000044
0.676,0.673,0.0030000000000000027
0.057,0.062,0.0049999999999999975
0.806,0.814,0.007999999999999896
0.208,0.207,0.0010000000000000009
0.106,0.103,0.0030000000000000027
0.355,0.352,0.0030000000000000027
0.614,0.62,0.006000000000000005
0.705,0.702,0.0030000000000000027
0.717,0.724,0.007000000000000006
0.865,0.87,0.0050000000000000044
0.954,0.959,0.0050000000000000044
0.836,0.838,0.0020000000000000018
0.444,0.432,0.01200000000000001
0.213,0.213,0.0
0.121,0.125,0.0040000000000000036
0.098,0.095,0.0030000000000000027
0.485,0.486,0.0010000000000000009
0.594,0.591,0.0030000000000000027
0.809,0.812,0.0030000000000000027
0.534,0.535,0.0010000000000000009
0.984,0.981,0.0030000000000000027
0.042,0.045,0.0029999999999999957
0.951,0.956,0.0050000000000000044
0.014,0.014,0.0
0.205,0.206,0.0010000000000000009
0.093,0.093,0.0
0.336,0.326,0.010000000000000009
0.84,0.844,0.0040000000000000036
0.067,0.07,0.0030000000000000027
0.892,0.883,0.009000000000000008
0.789,0.794,0.0050000000000000044
0.278,0.277,0.0010000000000000009
0.997,0.993,0.0040000000000000036
0.614,0.628,0.014000000000000012
0.769,0.783,0.014000000000000012
0.72,0.724,0.0040000000000000036
0.489,0.486,0.0030000000000000027
0.311,0.309,0.0020000000000000018
0.735,0.74,0.0050000000000000044
0.074,0.07,0.00399999999999999
0.51,0.52,0.010000000000000009
0.737,0.74,0.0030000000000000027
0.238,0.234,0.003999999999999976
0.163,0.159,0.0040000000000000036
0.659,0.663,0.0040000000000000036
0.517,0.52,0.0030000000000000027
0.259,0.26,0.0010000000000000009
0.679,0.675,0.0040000000000000036
0.344,0.337,0.006999999999999951
0.699,0.711,0.01200000000000001
0.149,0.155,0.006000000000000005
0.873,0.883,0.010000000000000009
0.25,0.249,0.0010000000000000009
0.907,0.911,0.0040000000000000036
0.713,0.716,0.0030000000000000027
0.698,0.7,0.0020000000000000018
0.039,0.041,0.0020000000000000018
0.944,0.939,0.0050000000000000044
0.698,0.701,0.0030000000000000027
0.185,0.189,0.0040000000000000036
0.256,0.257,0.0010000000000000009
0.673,0.681,0.008000000000000007
0.658,0.657,0.0010000000000000009
0.169,0.174,0.004999999999999977
0.763,0.771,0.008000000000000007
0.805,0.817,0.0119999999999999
0.347,0.341,0.00599999999999995
0.871,0.878,0.007000000000000006
0.16,0.159,0.0010000000000000009
0.497,0.496,0.0010000000000000009
0.57,0.575,0.0050000000000000044
0.999,0.993,0.006000000000000005
0.339,0.333,0.006000000000000005
0.645,0.656,0.01100000000000001
0.411,0.408,0.0030000000000000027
0.483,0.479,0.0040000000000000036
0.092,0.093,0.0010000000000000009
0.11,0.11,0.0
0.683,0.682,0.0010000000000000009
0.839,0.843,0.0040000000000000036
0.395,0.392,0.0030000000000000027
0.154,0.159,0.0050000000000000044
0.658,0.663,0.0050000000000000044
0.881,0.883,0.0020000000000000018
0.058,0.062,0.003999999999999997
0.831,0.837,0.006000000000000005
0.677,0.681,0.0040000000000000036
0.324,0.319,0.0050000000000000044
0.158,0.159,0.0010000000000000009
0.292,0.295,0.0030000000000000027
0.962,0.968,0.006000000000000005
0.539,0.545,0.006000000000000005
0.042,0.045,0.0029999999999999957
0.154,0.159,0.0050000000000000044
0.928,0.935,0.007000000000000006
0.293,0.284,0.009000000000000008
0.44,0.445,0.0050000000000000044
0.678,0.682,0.0040000000000000036
0.507,0.508,0.0010000000000000009
0.065,0.062,0.0030000000000000027
0.005,0.015,0.009999999999999998
0.651,0.65,0.0010000000000000009
0.598,0.6,0.0020000000000000018
0.236,0.232,0.003999999999999976
0.407,0.404,0.002999999999999947
0.992,0.999,0.007000000000000006
0.551,0.567,0.015999999999999903
0.001,0.007,0.006
0.801,0.808,0.007000000000000006
0.809,0.82,0.010999999999999899
0.773,0.783,0.010000000000000009
0.683,0.673,0.010000000000000009
0.798,0.81,0.01200000000000001
0.613,0.62,0.007000000000000006
0.661,0.663,0.0020000000000000018
0.922,0.919,0.0030000000000000027
0.116,0.112,0.0040000000000000036
0.212,0.213,0.0010000000000000009
0.178,0.176,0.0020000000000000018
0.481,0.479,0.0020000000000000018
0.331,0.326,0.0050000000000000044
0.801,0.808,0.007000000000000006
0.251,0.244,0.007000000000000006
0.012,0.015,0.002999999999999999
0.737,0.741,0.0040000000000000036
0.919,0.919,0.0
0.335,0.333,0.0020000000000000018
0.096,0.095,0.0010000000000000009
0.914,0.919,0.0050000000000000044
0.903,0.901,0.0020000000000000018
0.525,0.535,0.010000000000000009
0.541,0.545,0.0040000000000000036
0.083,0.081,0.0020000000000000018
0.605,0.611,0.006000000000000005
0.677,0.673,0.0040000000000000036
0.47,0.469,0.0010000000000000009
0.0,0.999,0.0010000000000000009
0.07,0.07,0.0
0.101,0.101,0.0
0.24,0.241,0.0010000000000000009
0.095,0.093,0.0020000000000000018
0.46,0.458,0.0020000000000000018
0.269,0.264,0.0050000000000000044
0.655,0.653,0.0020000000000000018
0.147,0.15,0.0030000000000000027
0.263,0.26,0.0030000000000000027
0.661,0.673,0.01200000000000001
0.503,0.502,0.0010000000000000009
0.774,0.786,0.01200000000000001
0.513,0.511,0.0020000000000000018
0.222,0.225,0.0030000000000000027
0.343,0.333,0.010000000000000009
0.557,0.56,0.0030000000000000027
0.975,0.968,0.007000000000000006
0.791,0.794,0.0030000000000000027
0.397,0.387,0.010000000000000009
0.768,0.778,0.010000000000000009
0.494,0.494,0.0
0.878,0.883,0.0050000000000000044
0.272,0.269,0.0030000000000000027
0.436,0.432,0.0040000000000000036
0.683,0.686,0.0030000000000000027
0.119,0.12,0.0010000000000000009
0.556,0.567,0.010999999999999899
0.738,0.747,0.009000000000000008
0.377,0.372,0.0050000000000000044
0.337,0.326,0.01100000000000001
0.257,0.252,0.0050000000000000044
0.477,0.478,0.0010000000000000009
0.621,0.628,0.007000000000000006
0.01,0.014,0.004
0.486,0.486,0.0
0.451,0.445,0.006000000000000005
0.851,0.854,0.0030000000000000027
0.057,0.056,0.0010000000000000009
0.274,0.271,0.0030000000000000027
0.205,0.207,0.0020000000000000018
0.691,0.692,0.0010000000000000009
0.345,0.341,0.003999999999999948
0.063,0.07,0.007000000000000006
0.258,0.252,0.006000000000000005
0.023,0.026,0.002999999999999999
0.208,0.213,0.0050000000000000044
0.379,0.375,0.0040000000000000036
0.645,0.649,0.0040000000000000036
0.789,0.797,0.008000000000000007
0.759,0.764,0.0050000000000000044
0.202,0.208,0.005999999999999978
0.688,0.692,0.0040000000000000036
0.153,0.159,0.006000000000000005
0.979,0.981,0.0020000000000000018
0.824,0.836,0.01200000000000001
0.992,0.993,0.0010000000000000009
0.502,0.501,0.0010000000000000009
0.739,0.741,0.0020000000000000018
0.566,0.567,0.0010000000000000009
0.733,0.741,0.008000000000000007
0.954,0.953,0.0010000000000000009
0.746,0.763,0.017000000000000015
0.73,0.734,0.0040000000000000036
0.168,0.176,0.00799999999999998
0.135,0.141,0.005999999999999978
0.214,0.213,0.0010000000000000009
0.916,0.919,0.0030000000000000027
0.417,0.421,0.0040000000000000036
0.618,0.628,0.010000000000000009
0.455,0.461,0.006000000000000005
0.455,0.445,0.010000000000000009
0.363,0.359,0.0040000000000000036
